Country Name,Country Code,Indicator Name,Indicator Code,1960,1961,1962,1963,1964,1965,1966,1967,1968,1969,1970,1971,1972,1973,1974,1975,1976,1977,1978,1979,1980,1981,1982,1983,1984,1985,1986,1987,1988,1989,1990,1991,1992,1993,1994,1995,1996,1997,1998,1999,2000,2001,2002,2003,2004,2005,2006,2007,2008,2009,2010,2011,2012,2013,2014,2015,2016,2017
Aruba,ABW,"Government expenditure on education, total (% of GDP)",SE.XPD.TOTL.GD.ZS,,,,,,,,,,,,,,,,,,,,,,,,,,,,,,,,,,,,,,,4.763160229,4.395540237,4.714680195,4.739490032,4.924270153,,4.408899784,4.680759907,,4.799180031,4.915589809,5.924670219,6.712490082,6.036870003,6.549059868,6.808060169,6.162930012,6.479060173,,
Afghanistan,AFG,"Government expenditure on education, total (% of GDP)",SE.XPD.TOTL.GD.ZS,,,,,,,,,,,,1.160359979,1.11717999,1.427880049,,1.30332005,,,,1.73980999,1.840929985,1.909170032,1.729979992,,,,,,,,,,,,,,,,,,,,,,,,,,,,3.461960077,3.437849998,2.524410009,3.471709967,3.777590036,3.242019892,,
Angola,AGO,"Government expenditure on education, total (% of GDP)",SE.XPD.TOTL.GD.ZS,,,,,,,,,,,,,,,,,,,,,,,,,,4.622000217,6.054500103,6.117499828,,,,,,,,,,,2.59149003,,2.607530117,,,,,2.776200056,2.859689951,,,,3.476439953,,,,,,,
Albania,ALB,"Government expenditure on education, total (% of GDP)",SE.XPD.TOTL.GD.ZS,,,,,,,,,,,,,,,,,,,,,,,,,,,,,,,,,,,3.265189886,3.764709949,2.976300001,3.234280109,3.326420069,3.379709959,3.286920071,3.340600014,3.05663991,3.06427002,3.170079947,3.23871994,3.157190084,3.268680096,,,,,,3.539299965,,3.453639984,,
Andorra,AND,"Government expenditure on education, total (% of GDP)",SE.XPD.TOTL.GD.ZS,,,,,,,,,,,,,,,,,,,,,,,,,,,,,,,,,,,,,,3.713279963,,,,,1.681529999,,1.522690058,1.596529961,2.189889908,2.070970058,2.930069923,3.154839993,3.057420015,3.14508009,,2.438070059,2.997809887,3.253679991,3.278110027,
Arab World,ARB,"Government expenditure on education, total (% of GDP)",SE.XPD.TOTL.GD.ZS,,,,,,,,,,,,,,,,,,,,,,,,,,,,,,,,,,,,,,,,,,,,,4.6707201,,,,4.282284975,,,,,,,,,
United Arab Emirates,ARE,"Government expenditure on education, total (% of GDP)",SE.XPD.TOTL.GD.ZS,,,,,,,,,,,,,,,,,,,,,,,,,,,,,,,,,,,,,,1.109439969,,,,,,,,,,,,,,,,,,,,
Argentina,ARG,"Government expenditure on education, total (% of GDP)",SE.XPD.TOTL.GD.ZS,,,,,,,,,,,1.458089948,,1.936200023,1.780519962,1.923519969,1.843600035,1.165639997,1.71984005,1.935549974,2.400279999,2.607150078,,1.597869992,1.617499948,2.56972003,1.361860037,1.26154995,1.282299995,,1.046120048,1.067379951,,,,,,3.731980085,,4.039869785,4.521679878,4.580309868,4.833740234,4.017340183,3.535049915,3.486520052,3.860009909,4.128210068,4.462600231,4.844409943,5.531050205,5.019710064,5.290629864,5.345829964,5.436610222,5.361440182,5.87526989,,
Armenia,ARM,"Government expenditure on education, total (% of GDP)",SE.XPD.TOTL.GD.ZS,,,,,,,,,,,,,,,,,,,,,,,,,,,,,,,,,,,,,1.848430037,,,2.235189915,2.772730112,2.469439983,2.135040045,2.145040035,2.486730099,2.712029934,2.715770006,3.018939972,3.172729969,3.840790033,3.249000072,3.143850088,2.772480011,2.650180101,2.247240067,2.80591011,2.751290083,
American Samoa,ASM,"Government expenditure on education, total (% of GDP)",SE.XPD.TOTL.GD.ZS,,,,,,,,,,,,,,,,,,,,,,,,,,,,,,,,,,,,,,,,,,,,,,,,,,,,,,,,,,
Antigua and Barbuda,ATG,"Government expenditure on education, total (% of GDP)",SE.XPD.TOTL.GD.ZS,,,,,,,,,,,,,,,,,,,,,,,,,,,,,,,,,,,,,,,,2.753969908,,,3.394279957,,,,,,,2.517240047,,,,,,,,
Australia,AUS,"Government expenditure on education, total (% of GDP)",SE.XPD.TOTL.GD.ZS,,,,,,,,,,,,,,,,,,,6.005410194,5.893839836,5.650650024,,5.474709988,5.366909981,,5.398119926,5.273719788,5.063129902,4.910109997,4.739560127,4.665840149,4.784800053,4.681499958,5.502739906,5.240809917,5.127500057,5.22424984,,,,4.888840199,,,,,4.90778017,4.740550041,4.657259941,4.631869793,5.089320183,5.565899849,5.096749783,4.894189835,5.259789944,5.192669868,,,
Austria,AUT,"Government expenditure on education, total (% of GDP)",SE.XPD.TOTL.GD.ZS,,,,,,,,,,,4.147160053,4.282350063,4.450150013,4.515470028,4.655940056,5.127960205,5.237659931,4.95401001,5.159790039,5.038159847,5.008969784,5.367809772,5.362989902,5.303780079,5.294469833,5.297210217,5.499959946,5.376110077,5.190730095,5.01816988,4.957250118,5.103219986,5.296979904,5.251999855,,5.428349972,5.259900093,,6.103740215,6.112339973,5.588809967,5.575479984,5.522130013,5.361830235,5.302430153,5.249370098,5.226520061,5.146900177,5.263959885,5.730249882,5.700479984,5.592269897,5.480400085,5.547110081,5.448979855,,,
Azerbaijan,AZE,"Government expenditure on education, total (% of GDP)",SE.XPD.TOTL.GD.ZS,,,,,,,,,,,,,,,,,,,,,,,,,,,,,,,,,6.057970047,,,3.337369919,3.512520075,,3.380000114,4.212170124,3.853990078,3.503420115,3.154489994,3.286149979,3.447659969,2.974620104,2.555510044,2.549279928,2.44092989,3.224309921,2.780620098,2.435640097,2.067610025,2.442130089,2.633039951,2.951679945,,
Burundi,BDI,"Government expenditure on education, total (% of GDP)",SE.XPD.TOTL.GD.ZS,,,,,,,,,,,,,,,,,,,,2.803359985,,3.346760035,,,,,,,,,3.359329939,3.493659973,3.805850029,,4.565269947,5.015110016,4.083240032,,,3.417449951,2.645479918,2.903909922,3.004930019,,3.74496007,3.631690025,,,5.19355011,6.319789886,6.792870045,5.99778986,5.820909977,5.414750099,,,,
Belgium,BEL,"Government expenditure on education, total (% of GDP)",SE.XPD.TOTL.GD.ZS,,,,,,,,,,,,,,,,5.732140064,5.700530052,5.956940174,5.407400131,5.351699829,5.282360077,5.406380177,5.2884202,,,,4.826459885,4.552760124,4.27782011,,,,,5.343709946,5.382229805,2.972749949,3.026109934,,,,,5.843279839,5.947350025,5.884789944,5.806960106,5.769010067,5.840360165,5.849040031,6.291389942,6.415359974,6.407989979,6.378739834,,6.639659882,6.596849918,,,
Benin,BEN,"Government expenditure on education, total (% of GDP)",SE.XPD.TOTL.GD.ZS,,,,,,,,,,,,,,,,,,,,,,,,,,,,,,,,,,,,,,,2.747889996,2.626650095,2.888689995,3.232350111,2.95133996,3.120270014,3.508039951,3.630789995,3.503279924,3.229809999,3.795660019,4.222040176,5.029319763,,4.868159771,4.54761982,4.321129799,4.356520176,,
Burkina Faso,BFA,"Government expenditure on education, total (% of GDP)",SE.XPD.TOTL.GD.ZS,,,,,,,,,,,,,,,,,,,1.679829955,,1.961799979,,,1.754480004,,1.763960004,,,1.426079988,,,,,,3.451100111,,1.440260053,,,,,,,,,4.432600021,4.457029819,4.588580132,,,3.938960075,4.483260155,4.053530216,4.593840122,4.559939861,4.166069984,,
Bangladesh,BGD,"Government expenditure on education, total (% of GDP)",SE.XPD.TOTL.GD.ZS,,,,,,,,,,,,,,,,,,,,1.130929947,0.937600017,1.071499944,1.011639953,1.032670021,1.223029971,1.271180034,1.343490005,1.513640046,,,1.519119978,1.425660014,1.631770015,1.692620039,,,,1.952469945,,2.132819891,2.125080109,2.171930075,2.017149925,2.069390059,1.940140009,,2.131289959,2.202219963,2.05456996,1.939419985,,2.132699966,2.175499916,1.966160059,,,2.500319958,
Bulgaria,BGR,"Government expenditure on education, total (% of GDP)",SE.XPD.TOTL.GD.ZS,,,,,,,,,,,,,,,,,,,,,3.52947998,,,,,,,,,,4.454060078,5.429619789,5.2604599,4.950489998,4.170660019,3.44701004,2.712039948,,2.81427002,,,3.395750046,3.394880056,4.011769772,2.325570107,4.115359783,3.912039995,3.652970076,4.224370003,4.285749912,3.863460064,3.563030005,3.502029896,4.061970234,,,,
Bahrain,BHR,"Government expenditure on education, total (% of GDP)",SE.XPD.TOTL.GD.ZS,,,,,,,,,,,,,,,,,,,,,,,,,,,,,,,,,,,,,,,,,,,,,,,2.874360085,2.575000048,2.496779919,,,,2.645309925,2.476880074,2.467459917,2.668080091,2.664520025,
"Bahamas, The",BHS,"Government expenditure on education, total (% of GDP)",SE.XPD.TOTL.GD.ZS,,,,,,,,,,,,,,,,,,,,,,,,,,,,,,,,,,,,,,,,,2.849989891,,,,,,,,,,,,,,,,,
Bosnia and Herzegovina,BIH,"Government expenditure on education, total (% of GDP)",SE.XPD.TOTL.GD.ZS,,,,,,,,,,,,,,,,,,,,,,,,,,,,,,,,,,,,,,,,,,,,,,,,,,,,,,,,,,
Belarus,BLR,"Government expenditure on education, total (% of GDP)",SE.XPD.TOTL.GD.ZS,,,,,,,,,,,,,,,,,,,,,,,,,,,,,,,,,,,,,,,,6.000010014,6.196619987,,,,5.712259769,5.871029854,6.076960087,5.152100086,,4.516719818,5.220039845,4.684790134,4.959640026,5.009419918,4.818309784,4.787519932,4.979459763,
Belize,BLZ,"Government expenditure on education, total (% of GDP)",SE.XPD.TOTL.GD.ZS,,,,,,,,,,,,,,,,,,,,,,,,,,,,,,,,,,,,,,,,5.44343996,5.028429985,5.796929836,,5.206820011,5.299270153,,,,5.687759876,6.100140095,6.620999813,,,6.218269825,6.474110126,6.712490082,,7.409230232
Bermuda,BMU,"Government expenditure on education, total (% of GDP)",SE.XPD.TOTL.GD.ZS,,,,,,,,,,,,,,4.107900143,,3.434420109,,,,,,,,,,3.034490108,,,,,3.136199951,3.150650024,3.4760499,,,,,,2.152270079,,,,,1.666270018,1.775879979,1.988770008,,,,2.615190029,2.6442101,,,,1.782850027,1.689730048,,1.492009997
Bolivia,BOL,"Government expenditure on education, total (% of GDP)",SE.XPD.TOTL.GD.ZS,,,,,,,,,,,,,,,,,,,,,,,,,,,,,,,,,,,4.784210205,5.608170033,4.657410145,,5.523009777,5.659319878,5.473420143,5.899459839,6.230309963,6.379039764,,,6.313610077,,7.039730072,8.081199646,7.600110054,6.888470173,6.42524004,6.257929802,7.285349846,,,
Brazil,BRA,"Government expenditure on education, total (% of GDP)",SE.XPD.TOTL.GD.ZS,,,,,,,,,,,,,,,,,,,,,,,,,,,,,,,,,,,,4.473169804,,,4.756659985,3.800620079,3.948920012,3.844680071,3.750370026,,3.974489927,4.4790802,4.870600224,4.974259853,5.268839836,5.463550091,5.648799896,5.737410069,5.855100155,5.838850021,5.948480129,,,
Barbados,BRB,"Government expenditure on education, total (% of GDP)",SE.XPD.TOTL.GD.ZS,,,,,,,,,,,,,,,,,,,,,,,,,,,,,,,,6.601990223,,,,,,,,4.254580021,4.621510029,5.935090065,5.76335001,6.121359825,5.904069901,5.556960106,,5.184619904,5.086100101,5.313509941,6.097340107,,5.258900166,5.097740173,6.229410172,,5.092720032,
Brunei Darussalam,BRN,"Government expenditure on education, total (% of GDP)",SE.XPD.TOTL.GD.ZS,,,,,,,,,,,6.239150047,4.995019913,4.039289951,8.793290138,3.39270997,1.961339951,1.970080018,,2.114239931,1.545519948,1.191079974,1.616780043,1.697149992,,,,,4.737730026,5.409029961,4.69012022,3.959959984,3.668940067,3.747689962,4.29403019,,,,,5.253950119,4.932050228,3.705909967,,,,,,,,,,2.046610117,3.322099924,2.889590025,,3.353189945,,4.425409794,
Bhutan,BTN,"Government expenditure on education, total (% of GDP)",SE.XPD.TOTL.GD.ZS,,,,,,,,,,,,,,,,,,,,,,,,,,,,,,,,,,,,,,,,,5.513790131,5.71780014,,,6.417990208,7.078100204,,,4.797500134,4.626719952,4.024469852,4.652579784,,5.589660168,5.903329849,7.389659882,,
Botswana,BWA,"Government expenditure on education, total (% of GDP)",SE.XPD.TOTL.GD.ZS,,,,,,,,,,,,4.387239933,3.906389952,3.262789965,3.674240112,5.649429798,6.063960075,5.40031004,5.952139854,6.141729832,5.46931982,,,5.552269936,5.551660061,5.650720119,5.185929775,6.117730141,6.151110172,,5.739630222,,6.840610027,,,,,,,,,,,,,10.67858982,,8.851490021,,9.632920265,,,,,,,,
Central African Republic,CAF,"Government expenditure on education, total (% of GDP)",SE.XPD.TOTL.GD.ZS,,,,,,,,,,,,,,,,,,,3.170530081,,,,,,,,2.207750082,2.548049927,,,2.244199991,2.276309967,,,,,,,,1.690019965,1.612650037,,1.519569993,1.539800048,1.624529958,1.636379957,1.415060043,1.312890053,1.290019989,1.303560019,1.204550028,1.219130039,,,,,,
Canada,CAN,"Government expenditure on education, total (% of GDP)",SE.XPD.TOTL.GD.ZS,,,,,,,,,,,,7.710189819,7.615409851,7.037499905,6.689630032,6.442949772,6.720990181,6.733530045,7.097670078,6.714749813,6.484670162,6.43061018,6.519139767,6.880430222,6.644040108,6.212870121,6.04418993,6.32446003,6.176149845,6.098320007,5.991990089,6.884300232,6.770939827,7.704259872,6.680019855,6.324450016,,,5.51196003,5.549940109,5.442009926,4.969580173,5.01072979,,,4.782149792,,4.780360222,4.638259888,4.852640152,5.36992979,5.274439812,,,,,,
Central Europe and the Baltics,CEB,"Government expenditure on education, total (% of GDP)",SE.XPD.TOTL.GD.ZS,,,,,,,,,,,,,,,,,,,,,,,,,,,,,,,,,,,,4.655275106,4.33465004,,4.95043993,4.579164982,4.858910084,5.080480099,5.170969963,5.067289829,4.855050087,4.844860077,4.7660501,4.590549946,4.90623498,4.964360237,4.768949986,4.600790024,4.712930202,4.597410202,4.631949902,,,
Switzerland,CHE,"Government expenditure on education, total (% of GDP)",SE.XPD.TOTL.GD.ZS,,,,,,,,,,,,,,,,,,,,,4.360300064,4.322100163,4.390319824,4.497429848,4.353189945,4.29914999,4.335649967,4.29061985,4.356999874,4.266739845,4.522940159,4.680630207,,5.092060089,5.055300236,5.059430122,5.071919918,,4.887020111,4.890230179,4.781400204,4.95980978,5.314290047,5.523759842,5.445730209,5.204100132,4.9615798,4.687379837,4.867990017,5.041180134,4.926050186,4.969860077,5.033370018,5.040480137,5.051229954,,,
Channel Islands,CHI,"Government expenditure on education, total (% of GDP)",SE.XPD.TOTL.GD.ZS,,,,,,,,,,,,,,,,,,,,,,,,,,,,,,,,,,,,,,,,,,,,,,,,,,,,,,,,,,
Chile,CHL,"Government expenditure on education, total (% of GDP)",SE.XPD.TOTL.GD.ZS,,,,,,,,,,,,,,,3.751209974,3.5947299,,,3.070450068,3.4823699,4.21999979,4.914299965,,,,,,2.82329011,,,2.250159979,,,2.383719921,2.511820078,2.564699888,2.796250105,3.012459993,3.340150118,3.729219913,3.77583003,,4.081210136,3.963459969,3.538389921,3.262830019,3.021529913,3.21378994,3.792429924,4.230649948,4.162089825,4.045189857,,4.529429913,4.722819805,4.903470039,,
China,CHN,"Government expenditure on education, total (% of GDP)",SE.XPD.TOTL.GD.ZS,,,,,,,,,,,,1.388739944,1.604760051,1.650820017,1.761150002,1.708500028,1.816570044,1.749539971,1.958840013,2.14805007,1.911900043,1.948809981,2.034480095,2.076920033,1.998630047,2.008140087,2.061549902,1.804250002,1.764179945,,,,1.65455997,1.657850027,1.985710025,1.841920018,1.853389978,,1.844329953,1.888039947,,,,,,,,,,,,,,,,,,
Cote d'Ivoire,CIV,"Government expenditure on education, total (% of GDP)",SE.XPD.TOTL.GD.ZS,,,,,,,,,,,5.865389824,,7.531859875,7.045609951,5.69039011,6.785739899,6.462120056,,6.753670216,8.231389999,6.859759808,,,,,,,,,,,,6.781139851,6.50304985,4.78869009,4.301449776,4.056230068,4.030889988,3.787940025,4.094329834,3.703670025,3.668679953,4.090330124,3.967989922,4.127860069,4.105750084,4.00150013,4.258329868,4.341259956,4.41245985,4.553460121,4.137549877,4.61108017,4.729000092,4.577429771,4.829880238,,
Cameroon,CMR,"Government expenditure on education, total (% of GDP)",SE.XPD.TOTL.GD.ZS,,,,,,,,,,,,3.079869986,3.363889933,,,,,,,,,,2.984970093,3.496890068,3.246370077,,2.848340034,2.93091011,2.714730024,2.648960114,3.287100077,3.220230103,2.750999928,,,,,,,,1.779919982,2.424180031,,3.091419935,3.013639927,2.887170076,2.741450071,3.075229883,2.611180067,3.109420061,2.993659973,2.766769886,2.697180033,2.768019915,,,,
"Congo, Dem. Rep.",COD,"Government expenditure on education, total (% of GDP)",SE.XPD.TOTL.GD.ZS,,,,,,,,,,,,,,,,,,,,,2.267309904,2.535049915,2.799819946,1.29945004,0.704140007,0.825699985,0.722500026,0.861199975,0.814840019,,,,,,,,,,,,,,,,,,,,,,1.60244,,,2.244750023,,2.290960073,,
"Congo, Rep.",COG,"Government expenditure on education, total (% of GDP)",SE.XPD.TOTL.GD.ZS,,,,,,,,,,,5.732299805,5.55095005,,5.23845005,,7.743020058,,,8.413310051,7.03813982,6.359240055,,,,,,,,,,,,,,6.373119831,4.910339832,,,4.068270206,,,,3.208319902,2.836159945,2.288130045,1.835770011,,,,,6.220789909,,,,,,,
Colombia,COL,"Government expenditure on education, total (% of GDP)",SE.XPD.TOTL.GD.ZS,,,,,,,,,,,,,,,,,,,,1.754340053,1.729120016,2.597239971,,,3.004290104,2.715270042,,,,2.705250025,,,,,,,,,3.926440001,4.44080019,3.511209965,3.708679914,4.268129826,4.325139999,4.079349995,3.995009899,3.893320084,4.058700085,3.909800053,4.747429848,4.826159954,4.45980978,4.385310173,4.903240204,4.665160179,4.500480175,4.482960224,
Comoros,COM,"Government expenditure on education, total (% of GDP)",SE.XPD.TOTL.GD.ZS,,,,,,,,,,,,,,,,,,,,,,,,,,,,,,,,,,,,,,,3.782540083,,,,3.880589962,,,,,,7.709889889,,,4.932789803,4.889989853,4.297870159,4.864930153,4.344449997,,
Cabo Verde,CPV,"Government expenditure on education, total (% of GDP)",SE.XPD.TOTL.GD.ZS,,,,,,,,,,,,,,,,,,,,,,,,,,,,,,,,,,,,,,,6.391769886,6.801680088,,,7.876820087,,7.476640224,,6.529600143,5.407549858,5.518000126,5.308959961,5.567289829,5.043610096,,5.001440048,4.963870049,5.340060234,5.437709808,
Costa Rica,CRI,"Government expenditure on education, total (% of GDP)",SE.XPD.TOTL.GD.ZS,,,,,,,,,,,,,,,,,,,,,7.347169876,,4.885069847,3.923340082,,,3.565799952,,3.054140091,3.118499994,,,,,,3.371680021,3.910860062,,,5.416870117,4.68696022,4.851099968,5.173540115,5.156360149,4.912179947,,4.639180183,4.658899784,4.91711998,6.046350002,6.634449959,6.455349922,6.68983984,6.849339962,6.858910084,7.074260235,7.063389778,
Caribbean small states,CSS,"Government expenditure on education, total (% of GDP)",SE.XPD.TOTL.GD.ZS,,,,,,,,,,,,,,3.631439924,4.248970032,5.228789806,5.858329773,6.026519775,,,3.768079996,,5.457399845,5.766600132,5.87390995,5.579824924,4.603980064,,3.940860033,4.691925049,4.216645002,4.383069992,3.336659908,3.214030027,3.976029873,3.650339961,3.704924941,4.143095016,2.438920021,2.756119967,3.885375023,4.240025043,4.4857651,3.696724892,3.912549973,4.616419792,,5.49022007,6.191319942,6.198480129,6.370610237,6.267149925,6.1145401,6.253930092,6.020720005,5.45581007,5.318659782,5.357009888
Cuba,CUB,"Government expenditure on education, total (% of GDP)",SE.XPD.TOTL.GD.ZS,,,,,,,,,,,,,,,,,,,,,8.36909008,,,,,,,,,,,7.14496994,,7.074769974,5.619480133,,,,6.208730221,6.755239964,7.704810143,8.358090401,9.571169853,9.940859795,10.26823044,10.55778027,9.057169914,11.86820984,14.05908012,13.12485981,12.83730984,,,,,,,
Curacao,CUW,"Government expenditure on education, total (% of GDP)",SE.XPD.TOTL.GD.ZS,,,,,,,,,,,,,,,,,,,,,,,,,,,,,,,,,,,,,,,,,,,,,,,,,,,,,,4.930950165,,,,
Cayman Islands,CYM,"Government expenditure on education, total (% of GDP)",SE.XPD.TOTL.GD.ZS,,,,,,,,,,,,,,,,,,,,,,,,,,,,,,,,,,,,,,,,,,,,,,,,,,,,,,,,,,
Cyprus,CYP,"Government expenditure on education, total (% of GDP)",SE.XPD.TOTL.GD.ZS,,,,,,,,,,,,,,,,4.335020065,3.819700003,3.385489941,3.312340021,3.353130102,3.426009893,3.791320086,3.731780052,,3.601910114,3.586960077,3.488970041,3.448709965,3.375469923,3.376270056,3.339240074,3.5753901,3.780299902,4.09555006,4.159969807,3.781719923,,,,4.719679832,4.892779827,5.033510208,5.486519814,6.656700134,6.081960201,6.196000099,6.227600098,6.25248003,6.724020004,7.20622015,6.580249786,6.562379837,,6.431759834,6.124959946,,,
Czech Republic,CZE,"Government expenditure on education, total (% of GDP)",SE.XPD.TOTL.GD.ZS,,,,,,,,,,,,,,,,,,,,,,,,,,,,,,,,,3.775079966,4.184519768,4.678850174,4.545629978,4.270390034,,3.597199917,3.684809923,3.650890112,3.748549938,3.972559929,4.136429787,4.014239788,3.890379906,4.217100143,3.866630077,3.74454999,4.171279907,4.064459801,4.272140026,4.250860214,4.090889931,3.994620085,,,
Germany,DEU,"Government expenditure on education, total (% of GDP)",SE.XPD.TOTL.GD.ZS,,,,,,,,,,,,,,,,,,,,,,,,,,,,,,,,,,4.41381979,4.334879875,4.420790195,4.48319006,,4.453450203,,,,,,,,4.279300213,4.343029976,4.409540176,4.880479813,4.913680077,4.807799816,4.933310032,4.934969902,4.931129932,,,
Djibouti,DJI,"Government expenditure on education, total (% of GDP)",SE.XPD.TOTL.GD.ZS,,,,,,,,,,,,,,,,,,,,,,,,,,,,,,,,,,,,,,,,7.629479885,9.659999847,7.805429935,8.447600365,8.889849663,9.264670372,8.365889549,8.278779984,8.40625,,,4.49022007,,,,,,,
Dominica,DMA,"Government expenditure on education, total (% of GDP)",SE.XPD.TOTL.GD.ZS,,,,,,,,,,,,,,,,,,,,,,,,,,,,,,5.178329945,,,,,,,,,7.160590172,4.991839886,,,,,,,,,,,,,,,,3.386070013,,
Denmark,DNK,"Government expenditure on education, total (% of GDP)",SE.XPD.TOTL.GD.ZS,,,,,,,,,,,5.955520153,6.39357996,6.481299877,6.26609993,6.581530094,6.713129997,,5.672130108,5.753479958,5.586480141,5.910920143,,,,,,5.83825016,6.078080177,6.335330009,5.838140011,,5.596759796,,7.772819996,7.471059799,7.471030235,7.884940147,,8.106739998,7.931159973,8.084329605,8.215450287,8.213029861,8.121939659,8.207630157,8.085570335,7.729909897,7.615600109,7.4760499,8.448880196,8.559550285,8.48486042,7.237820148,8.494429588,7.634850025,,,
Dominican Republic,DOM,"Government expenditure on education, total (% of GDP)",SE.XPD.TOTL.GD.ZS,,,,,,,,,,,2.640969992,,,,,,,,,,,,1.597540021,1.565459967,1.497789979,1.210190058,,,,,,,,0.780189991,0.90279001,1.048480034,1.234680057,,,,1.912610054,2.023699999,1.97100997,1.876360059,,,,2.046789885,,,,,,,,,,
Algeria,DZA,"Government expenditure on education, total (% of GDP)",SE.XPD.TOTL.GD.ZS,,,,,,,,,,,,,,,,,,,,7.182010174,6.597420216,,,,,,,,,,,,,,,,,,,,,,,,,,,,4.33701992,,,,,,,,,
East Asia & Pacific (excluding high income),EAP,"Government expenditure on education, total (% of GDP)",SE.XPD.TOTL.GD.ZS,,,,,,,,,,,,,,,,,,,,,,,,,,,,,,,,,,,,2.442089975,2.896309972,3.733065009,,,4.260559916,2.668550014,2.997080088,,2.58137989,,,3.078419924,,3.586385012,3.508440018,3.899234891,4.536690235,4.12210989,,,,
Early-demographic dividend,EAR,"Government expenditure on education, total (% of GDP)",SE.XPD.TOTL.GD.ZS,,,,,,,,,,,,,,,,,,,,,,,,,,,,,,,,,,,,,,,,4.337689877,4.006875038,4.250420094,3.754745007,3.949249983,3.462305069,,4.06499505,3.531625032,3.913759947,,4.006750107,3.842619896,3.942765117,4.104385018,,,,
East Asia & Pacific,EAS,"Government expenditure on education, total (% of GDP)",SE.XPD.TOTL.GD.ZS,,,,,,,,,,,,,,,,,,,,,3.027754903,,3.903290033,,,,,,,,,,,,,3.093619943,,,,,,3.551379919,3.828769922,,3.853950024,3.634994984,3.905110002,3.454550028,3.413825035,4.392129898,3.574764967,3.642580032,4.536690235,4.12210989,4.152719975,,,
Europe & Central Asia (excluding high income),ECA,"Government expenditure on education, total (% of GDP)",SE.XPD.TOTL.GD.ZS,,,,,,,,,,,,,,,,,,,,,,,,,,,,,,,,,,,,,3.366150022,,,3.618079901,3.25661993,3.290529966,3.227319956,3.35405004,3.214375019,3.512150049,3.403480053,3.652970076,4.101749897,4.22378993,,3.935110092,3.903880119,,,,,
Europe & Central Asia,ECS,"Government expenditure on education, total (% of GDP)",SE.XPD.TOTL.GD.ZS,,,,,,,,,,,,,,,,,,,,,,,,,,,,,,,,,,,,4.625465155,4.534334898,,4.453450203,4.523359776,4.176370144,4.680490017,4.569795132,4.957804918,4.855050087,4.925410032,4.93479991,4.699815035,4.956730127,5.130670071,5.259534836,4.993620157,4.933310032,5.040480137,5.123250008,,,
Ecuador,ECU,"Government expenditure on education, total (% of GDP)",SE.XPD.TOTL.GD.ZS,,,,,,,,,,,2.002830029,1.879400015,,,,,,2.418839931,,,,,,,4.203420162,5.2333498,6.87237978,,,,,,,,,1.997640014,,,2.195369959,1.547340035,1.150930047,,,,,,,,,4.342420101,4.507430077,4.726890087,4.643070221,5.004640102,5.260990143,4.998700142,,
"Egypt, Arab Rep.",EGY,"Government expenditure on education, total (% of GDP)",SE.XPD.TOTL.GD.ZS,,,,,,,,,,,,4.74202013,4.726359844,,5.488530159,5.008460045,5.027369976,4.534430027,4.861710072,,4.249800205,,5.304150105,5.642350197,,,,,4.519370079,4.591589928,,,4.096389771,4.197700024,4.583759785,4.604000092,4.671569824,,,,,,,4.945630074,4.6707201,4.794429779,4.001780033,3.68460989,3.760829926,,,,,,,,,
Euro area,EMU,"Government expenditure on education, total (% of GDP)",SE.XPD.TOTL.GD.ZS,,,,,,,,,,,,3.722580075,,,4.227620125,4.721874952,4.351564884,,4.332499981,4.79335022,,5.098874807,5.062125206,4.843484879,4.819974899,,4.826459885,4.602769852,4.56600523,,4.543669939,4.797194958,,4.840469837,4.697184801,4.701495171,4.796005011,,4.598649979,4.801280022,4.893635035,5.33506012,5.409160137,5.108510017,5.07847023,5.070759773,4.90802002,4.817080021,5.185024977,5.575470209,5.541399956,5.31856513,5.461319923,5.376790047,5.281619787,,,
Eritrea,ERI,"Government expenditure on education, total (% of GDP)",SE.XPD.TOTL.GD.ZS,,,,,,,,,,,,,,,,,,,,,,,,,,,,,,,,,,,,,1.638550043,,4.620580196,5.26281023,,4.047160149,3.523900032,,3.148969889,,2.127000093,,,,,,,,,,,
Spain,ESP,"Government expenditure on education, total (% of GDP)",SE.XPD.TOTL.GD.ZS,,,,,,,,,,,1.838000059,1.894430041,2.070270061,,1.463529944,,1.904569983,2.082829952,2.236799955,2.344419956,,,,,,,,3.136699915,3.337369919,3.561450005,3.643490076,3.752540112,3.847609997,4.256450176,4.496890068,4.44671011,4.468520164,,4.302959919,4.27052021,4.176370144,4.119880199,4.136030197,4.167170048,4.148290157,4.130030155,4.167590141,4.233320236,4.500939846,4.867710114,4.81911993,4.866330147,4.431879997,4.328340054,4.279900074,,,
Estonia,EST,"Government expenditure on education, total (% of GDP)",SE.XPD.TOTL.GD.ZS,,,,,,,,,,,,,,,,,,,,,,,,,,,,,,,,,,,,6.073050022,6.105840206,6.448190212,6.298600197,6.68735981,5.340209961,5.236480236,5.468679905,5.294630051,4.911809921,4.844860077,,4.66395998,5.517509937,5.9541502,5.52699995,5.017380238,4.712930202,4.83837986,5.479410172,,,
Ethiopia,ETH,"Government expenditure on education, total (% of GDP)",SE.XPD.TOTL.GD.ZS,,,,,,,,,,,,,,,,,,,,,,,2.112349987,2.302059889,2.112030029,2.337569952,2.137949944,,,,,,,2.3542099,,,2.774620056,2.757940054,,,3.983109951,3.700289965,3.632450104,,,,5.490960121,5.451129913,5.408199787,4.422070026,4.496590137,5.485760212,5.56678009,4.498549938,,,,
European Union,EUU,"Government expenditure on education, total (% of GDP)",SE.XPD.TOTL.GD.ZS,,,,,,,,,,,,,,,,,,,,,,,,,,,,,,,,4.960330009,4.999639988,4.950489998,4.723529816,4.764920235,4.645365,,4.53105998,4.579164982,4.858910084,5.236480236,5.213424921,5.105000019,5.042300224,5.070759773,5.055665016,4.868340015,5.06635499,5.562139988,5.402890205,5.120269775,4.946400166,5.296815157,5.268799782,,,
Fragile and conflict affected situations,FCS,"Government expenditure on education, total (% of GDP)",SE.XPD.TOTL.GD.ZS,,,,,,,,,,,,,,,,,,,,,,,,,,,,,,,,,,,,,,,,,,,,,,,,,,,,,,,,,,
Finland,FIN,"Government expenditure on education, total (% of GDP)",SE.XPD.TOTL.GD.ZS,,,,,,,,,,,5.409470081,5.327420235,5.004469872,5.089600086,4.478990078,5.029500008,5.224450111,,,4.79335022,4.822169781,4.829939842,4.776159763,4.851749897,4.695580006,5.041959763,5.096580029,5.198130131,5.064909935,5.070360184,5.335909843,6.332890034,6.515120029,7.483670235,6.855629921,6.809420109,6.8605299,,,5.869609833,5.716879845,5.847970009,6.024779797,6.174769878,6.168499947,6.036059856,5.938099861,5.686089993,5.84676981,6.485179901,6.540709972,6.482009888,7.192540169,7.158480167,7.15155983,,,
Fiji,FJI,"Government expenditure on education, total (% of GDP)",SE.XPD.TOTL.GD.ZS,,,,,,,,,,,,,,,,,,,,5.197609901,,5.820109844,,6.486690044,,,,,,4.831099987,,,,,,,,,5.512619972,5.153510094,5.857250214,5.617139816,6.24382019,,6.164929867,5.121970177,5.607140064,5.848430157,4.25357008,4.498479843,,4.17305994,,3.882889986,,,,
France,FRA,"Government expenditure on education, total (% of GDP)",SE.XPD.TOTL.GD.ZS,,,,,,,,,,,3.418400049,3.162810087,3.346199989,3.218450069,4.227620125,4.414249897,4.411779881,4.422440052,4.332499981,4.268089771,4.293990135,4.715119839,4.835830212,4.83521986,4.849579811,4.833580017,4.689199924,4.602769852,4.524040222,4.435150146,4.492280006,4.817440033,4.710989952,5.399879932,5.595699787,5.759079933,5.726160049,,5.659120083,5.645289898,5.516729832,5.417039871,5.409160137,5.722949982,5.637020111,5.499810219,5.442110062,5.445189953,5.444029808,5.738490105,5.683420181,5.515840054,5.461319923,5.505310059,5.51760006,,,
Faroe Islands,FRO,"Government expenditure on education, total (% of GDP)",SE.XPD.TOTL.GD.ZS,,,,,,,,,,,,,,,,,,,,,,,,,,,,,,,,,,,,,,,,,,,,,,,,,,,,,,,,,,
"Micronesia, Fed. Sts.",FSM,"Government expenditure on education, total (% of GDP)",SE.XPD.TOTL.GD.ZS,,,,,,,,,,,,,,,,,,,,,,,,,,,,,,,,,,,,,,,,6.409770012,6.708179951,,,,,,,,,,,,,,,12.45950031,,
Gabon,GAB,"Government expenditure on education, total (% of GDP)",SE.XPD.TOTL.GD.ZS,,,,,,,,,,,,,,,,,,,,,,,,,,,,,,,,,2.805520058,,,,,,3.419660091,3.081229925,3.827090025,,,,,,,,,,3.078089952,2.987459898,3.013400078,3.029710054,2.666670084,,,
United Kingdom,GBR,"Government expenditure on education, total (% of GDP)",SE.XPD.TOTL.GD.ZS,,,,,,,,,,,,5.032050133,5.159379959,5.448609829,5.390999794,6.268780231,6.424220085,6.063350201,,,5.070119858,5.2884202,5.188700199,5.061500072,4.899059772,4.594089985,4.380839825,4.371809959,4.26831007,4.125110149,4.055520058,4.122479916,4.334489822,,4.850830078,4.839260101,4.407839775,,4.22991991,4.025410175,4.071790218,4.143889904,4.692480087,4.848320007,4.772779942,4.976980209,5.020860195,4.953400135,4.935530186,5.130670071,5.770460129,5.67332983,,5.618710041,5.693419933,5.631480217,,
Georgia,GEO,"Government expenditure on education, total (% of GDP)",SE.XPD.TOTL.GD.ZS,,,,,,,,,,,,,,,,,,,,,,,,,,,,,,,,,,,6.915659904,,,,2.108880043,2.15512991,2.181070089,2.137500048,2.235009909,2.065599918,2.914200068,2.484309912,3.003639936,2.696870089,2.919559956,3.222389936,,2.696219921,1.983309984,,,,3.784770012,
Ghana,GHA,"Government expenditure on education, total (% of GDP)",SE.XPD.TOTL.GD.ZS,,,,,,,,,,,,4.224440098,4.621399879,,3.802710056,4.876540184,5.828829765,6.09528017,,2.311350107,2.707770109,1.808120012,1.904539943,,,,3.354480028,3.306699991,3.187419891,,,,,,,,,,,4.110370159,,5.354440212,,,7.535580158,7.42208004,5.259940147,5.519869804,5.757959843,5.317440033,5.540599823,8.14097023,7.919139862,6.098189831,6.159830093,,,
Gibraltar,GIB,"Government expenditure on education, total (% of GDP)",SE.XPD.TOTL.GD.ZS,,,,,,,,,,,,,,,,,,,,,,,,,,,,,,,,,,,,,,,,,,,,,,,,,,,,,,,,,,
Guinea,GIN,"Government expenditure on education, total (% of GDP)",SE.XPD.TOTL.GD.ZS,,,,,,,,,,,,,,,,,,,,,,,,,,,,,,,,2.016390085,2.00632,2.088439941,,,,,,2.361419916,2.593400002,2.081909895,2.593869925,2.371020079,2.210000038,1.849060059,,,1.581169963,2.207279921,2.548180103,2.287400007,1.896000028,2.634200096,2.419260025,,,
"Gambia, The",GMB,"Government expenditure on education, total (% of GDP)",SE.XPD.TOTL.GD.ZS,,,,,,,,,,,,,,,,,,,,,,,,,,4.295149803,3.484730005,,,2.974090099,2.825839996,3.780610085,1.169839978,,,2.553560019,2.566279888,,,1.565129995,1.465870023,1.158100009,1.44291997,1.363379955,1.034500003,1.139179945,1.209489942,1.308509946,3.527420044,3.072390079,4.15610981,3.925139904,4.101180077,2.78256011,,,,
Guinea-Bissau,GNB,"Government expenditure on education, total (% of GDP)",SE.XPD.TOTL.GD.ZS,,,,,,,,,,,,,,,,,,,,,,,,,,,,,,,,,,,,,,,,5.246170044,,,,,,,,,,,1.860820055,1.857859969,2.001060009,2.13248992,,,,
Equatorial Guinea,GNQ,"Government expenditure on education, total (% of GDP)",SE.XPD.TOTL.GD.ZS,,,,,,,,,,,,,,,,,,,,,,,,,,,,,,,,,,,,,,,2.187979937,,,,,,,,,,,,,,,,,,,
Greece,GRC,"Government expenditure on education, total (% of GDP)",SE.XPD.TOTL.GD.ZS,,,,,,,,,,,1.546499968,1.302459955,,1.112619996,1.336089969,1.46085,1.448250055,1.493729949,1.685700059,,,1.692800045,1.686840057,1.688680053,1.810029984,,1.83336997,1.834210038,1.868939996,2.015460014,2.046080112,1.934329987,,,,,,,2.892560005,3.027729988,3.230190039,3.364579916,3.424309969,3.429339886,3.667190075,3.963959932,,,,,,,,,,,,
Grenada,GRD,"Government expenditure on education, total (% of GDP)",SE.XPD.TOTL.GD.ZS,,,,,,,,,,,,,,,,,,,,,,,,,,,,,,,,,,,,,,,,,,,,3.926739931,,,,,,,,,,,,,10.29312992,
Greenland,GRL,"Government expenditure on education, total (% of GDP)",SE.XPD.TOTL.GD.ZS,,,,,,,,,,,,,,,,,,,,,,,,,,,,,,,,,,,,,,,,,,,,,,,,,,,,,,,,,,
Guatemala,GTM,"Government expenditure on education, total (% of GDP)",SE.XPD.TOTL.GD.ZS,,,,,,,,,,,1.858719945,2.025540113,,,,,1.62729001,,,,,,,,,,,,,,,,,1.665750027,1.43998003,1.604799986,1.563699961,,,,,,,,,,2.984009981,3.03873992,3.184550047,,2.803060055,2.920140028,2.957859993,2.842259884,2.941390038,2.95517993,2.828710079,
Guam,GUM,"Government expenditure on education, total (% of GDP)",SE.XPD.TOTL.GD.ZS,,,,,,,,,,,,,,,,,,,,,,,,,,,,,,,,,,,,,,,,,,,,,,,,,,,,,,,,,,
Guyana,GUY,"Government expenditure on education, total (% of GDP)",SE.XPD.TOTL.GD.ZS,,,,,,,,,,,4.328979969,,,,,,,7.088729858,,9.377869606,,,,8.253470421,7.227479935,,,,,,,,,,3.724450111,3.609339952,,,,8.561059952,8.484149933,8.588890076,8.408049583,6.96653986,5.526229858,8.139730453,5.089260101,3.752279997,,3.302740097,3.638550043,3.592040062,3.182420015,,,,,
High income,HIC,"Government expenditure on education, total (% of GDP)",SE.XPD.TOTL.GD.ZS,,,,,,,,,,,,,,,4.353305101,4.693160057,4.411779881,,4.532529831,4.467870235,4.591234922,4.829939842,4.948170185,4.851749897,,,4.757829905,4.552760124,,,,,,5.100749969,4.787179947,4.764920235,4.748290062,,4.463469982,4.567230225,4.770545006,4.95980978,5.01072979,5.067289829,4.977055073,4.90778017,4.864284992,4.699815035,4.867990017,5.313230038,5.386409998,5.108509779,4.989885092,5.040480137,5.157959938,,,
"Hong Kong SAR, China",HKG,"Government expenditure on education, total (% of GDP)",SE.XPD.TOTL.GD.ZS,,,,,,,,,,,,2.368149996,2.295609951,2.183370113,2.360290051,2.449199915,2.4333601,2.21923995,2.322550058,,2.192140102,2.271729946,1.669829965,2.57859993,2.581690073,2.558969975,,,,,2.466089964,,2.828200102,,,,2.728310108,,,,,3.903700113,4.015540123,4.285299778,4.558959961,4.134630203,3.842789888,3.454550028,3.260629892,4.392129898,3.510030031,3.418220043,3.509609938,3.760319948,3.572550058,3.262120008,3.292439938,3.315979958
Honduras,HND,"Government expenditure on education, total (% of GDP)",SE.XPD.TOTL.GD.ZS,,,,,,,,,,,,,,,,,,,3.240999937,3.168819904,2.994469881,,,,,,,,,,,,,,3.398360014,3.578749895,,,,,,,,,,,,,,,,,,5.874929905,,,,
Heavily indebted poor countries (HIPC),HPC,"Government expenditure on education, total (% of GDP)",SE.XPD.TOTL.GD.ZS,,,,,,,,,,,,,,,,,,,,,,,,,,,,,,,,,,,,,,,,3.18964994,2.941455007,3.272500038,3.055380106,,3.206634998,3.464540005,3.418669939,,3.539834976,4.04365015,3.938960075,3.925139904,4.077355146,4.523084879,,,,
Croatia,HRV,"Government expenditure on education, total (% of GDP)",SE.XPD.TOTL.GD.ZS,,,,,,,,,,,,,,,,,,,,,,,,,,,,,,,,,,,,,,,,,,,3.810859919,3.867549896,3.820859909,,,3.971120119,4.270130157,4.389259815,4.252170086,4.157949924,,4.587560177,,,,
Haiti,HTI,"Government expenditure on education, total (% of GDP)",SE.XPD.TOTL.GD.ZS,,,,,,,,,,,,,,,,,,,,,,,,,,,,,,,,1.073989987,,,,,,,,,,,,,,,,,,,,,,,,,,
Hungary,HUN,"Government expenditure on education, total (% of GDP)",SE.XPD.TOTL.GD.ZS,,,,,,,,,,,,,,,,,,,,,,,,,,,,,,,,5.880249977,6.080450058,5.920450211,5.835740089,4.848199844,4.33465004,,4.402890205,4.558040142,4.858910084,4.924479961,5.170969963,5.789599895,5.330389977,5.328350067,5.309030056,5.147280216,4.977930069,4.964360237,4.768949986,4.600790024,,4.203730106,4.631949902,,,
IBRD only,IBD,"Government expenditure on education, total (% of GDP)",SE.XPD.TOTL.GD.ZS,,,,,,,,,,,,,,,,,,,,,,,,,,,,,,,,,,,,3.502779961,3.499609947,,,4.22040987,3.853990078,3.776679993,3.810859919,3.949249983,3.563264966,3.860009909,3.879790068,3.668789983,4.101749897,4.452989817,4.207129955,4.355269909,4.402155161,4.446764946,,,,
IDA & IBRD total,IBT,"Government expenditure on education, total (% of GDP)",SE.XPD.TOTL.GD.ZS,,,,,,,,,,,,,,,,,,,,,,,,,,,,,,,,,,,,,,,,3.892570019,3.397644997,3.586050034,3.445389986,3.662270069,3.523214936,3.630789995,3.669059992,3.652970076,3.800415039,4.25819993,3.972855091,3.935110092,4.077355146,4.364099979,,,,
IDA total,IDA,"Government expenditure on education, total (% of GDP)",SE.XPD.TOTL.GD.ZS,,,,,,,,,,,,,,,,,,,,,,,,,,,,,,,,,,,,,,,,3.18964994,2.971560001,3.381170034,3.063659906,,3.218120098,3.517165065,,,3.552249908,4.070980072,3.836175084,3.798424959,4.035780191,3.474649906,,,,
IDA blend,IDB,"Government expenditure on education, total (% of GDP)",SE.XPD.TOTL.GD.ZS,,,,,,,,,,,,,,,,,,,,,,,,,,,,,,,,,,,,,,,,,4.486390114,,,,3.669684887,,,,,,4.645100117,,5.352124929,,,,,
Indonesia,IDN,"Government expenditure on education, total (% of GDP)",SE.XPD.TOTL.GD.ZS,,,,,,,,,,,,,2.618710041,,,,,,,,,,,,,,,,,0.81844002,,,,,0.937839985,0.943289995,1.012979984,1.006899953,,,,2.310480118,2.48484993,3.0223701,2.58137989,2.698169947,,2.859189987,2.725490093,3.310830116,2.81227994,3.189440012,3.407480001,3.359040022,3.288009882,3.581929922,,
IDA only,IDX,"Government expenditure on education, total (% of GDP)",SE.XPD.TOTL.GD.ZS,,,,,,,,,,,,,,,,,,,,,,,,,,,,,,,,,,,,,,,,3.141254902,2.941455007,3.294670105,3.004930019,,3.218120098,3.52218008,3.503279924,,3.60758996,4.070980072,3.733390093,3.754230022,3.889600039,3.473179936,,,,
Isle of Man,IMN,"Government expenditure on education, total (% of GDP)",SE.XPD.TOTL.GD.ZS,,,,,,,,,,,,,,,,,,,,,,,,,,,,,,,,,,,,,,,,,,,,,,,,,,,,,,,,,,
India,IND,"Government expenditure on education, total (% of GDP)",SE.XPD.TOTL.GD.ZS,,,,,,,,,,,,,,,,,,,,,,,,,,,,,,,,,,,,,,3.406810045,3.6208601,4.475090027,4.383259773,,,3.662270069,3.397870064,3.231869936,3.187449932,,,3.311239958,3.42347002,3.839720011,3.867500067,3.844670057,,,,
Not classified,INX,"Government expenditure on education, total (% of GDP)",SE.XPD.TOTL.GD.ZS,,,,,,,,,,,,,,,,,,,,,,,,,,,,,,,,,,,,,,,,,,,,,,,,,,,,,,,,,,
Ireland,IRL,"Government expenditure on education, total (% of GDP)",SE.XPD.TOTL.GD.ZS,,,,,,,,,,,,4.481040001,4.6113801,4.603050232,4.680419922,,4.291349888,5.079239845,5.06155014,5.281799793,5.315849781,5.725160122,5.383080006,5.440030098,5.275380135,5.242090225,5.2948699,5.522200108,5.010159969,4.707389832,4.595059872,4.776949883,4.999639988,5.10943985,5.182509899,4.865799904,4.748290062,,4.293129921,4.140850067,4.136620045,4.091929913,4.106180191,4.205530167,4.486310005,4.522119999,4.545470238,4.712250233,5.444519997,6.135220051,6.043409824,5.820370197,5.751100063,5.315760136,4.888440132,,,
"Iran, Islamic Rep.",IRN,"Government expenditure on education, total (% of GDP)",SE.XPD.TOTL.GD.ZS,,,,,,,,,,,,2.770339966,2.766720057,2.876679897,2.690340042,2.965569973,,5.416259766,,,,7.131400108,5.802050114,4.180530071,3.801609993,3.460190058,3.569910049,4.140920162,3.681299925,3.997210026,3.773910046,3.743530035,3.640460014,4.314620018,,4.081809998,3.537760019,,,4.22040987,4.030640125,4.071680069,4.484879971,4.363220215,4.296629906,4.056509972,4.289989948,4.596809864,3.913759947,3.842449903,3.709180117,3.484970093,3.168590069,3.06795001,2.801350117,2.797389984,3.365760088,
Iraq,IRQ,"Government expenditure on education, total (% of GDP)",SE.XPD.TOTL.GD.ZS,,,,,,,,,,,,,,,,,,3.857049942,,,2.423789978,,,,,,,,,3.551500082,,,,,,,,,,,,,,,,,,,,,,,,,,,,
Iceland,ISL,"Government expenditure on education, total (% of GDP)",SE.XPD.TOTL.GD.ZS,,,,,,,,,,,,,,,,,,,,,,,,,,,,,,,4.224150181,,,5.099949837,4.717070103,4.741909981,5.165569782,,6.812190056,6.47052002,6.488649845,6.778989792,7.393139839,7.325359821,7.22492981,7.409560204,7.373410225,7.060910225,7.209219933,7.339000225,7.204269886,7.043059826,7.866429806,7.759449959,,,,
Israel,ISR,"Government expenditure on education, total (% of GDP)",SE.XPD.TOTL.GD.ZS,,,,,,,,,,,,,,5.366809845,5.939889908,6.037930012,5.94423008,5.840300083,6.621099949,6.704730034,7.14989996,7.094830036,6.666250229,7.0144701,7.002830029,8.021670341,6.130410194,5.525589943,4.511000156,5.709640026,5.425059795,5.437660217,5.581960201,5.957870007,6.440680027,,,,6.652329922,6.419089794,6.118199825,6.379350185,6.46928978,6.354589939,5.945819855,5.762430191,5.763030052,5.509950161,5.542230129,5.495840073,5.54445982,5.563529968,5.669229984,5.843090057,5.739089966,,,
Italy,ITA,"Government expenditure on education, total (% of GDP)",SE.XPD.TOTL.GD.ZS,,,,,,,,,,,3.377949953,2.908360004,,,3.847830057,3.72390008,3.93249011,,3.792870045,4.177509785,,,,4.502920151,4.790369987,4.705329895,4.670300007,,4.607970238,,,,,4.749559879,4.447979927,4.332940102,4.459519863,,4.463469982,4.523359776,4.298860073,4.668879986,4.447110176,4.554800034,4.397170067,4.249420166,4.537769794,4.118519783,4.402870178,4.536310196,4.352389812,4.144070148,,4.164720058,4.075250149,,,
Jamaica,JAM,"Government expenditure on education, total (% of GDP)",SE.XPD.TOTL.GD.ZS,,,,,,,,,,,,,,3.631439924,4.248970032,5.228789806,5.858329773,6.026519775,,,,,,,,5.391900063,4.603980064,,3.940860033,5.183979988,4.779160023,4.383069992,3.336659908,3.214030027,4.520249844,3.742130041,4.161079884,4.960979939,,,5.015100002,5.414760113,5.428520203,4.256849766,3.912549973,4.616419792,,5.49022007,6.191319942,6.198480129,6.370610237,6.267149925,6.1145401,6.253930092,6.020720005,5.45581007,5.318659782,5.357009888
Jordan,JOR,"Government expenditure on education, total (% of GDP)",SE.XPD.TOTL.GD.ZS,,,,,,,,,,,3.63003993,3.297689915,2.387429953,2.486939907,3.557689905,3.763479948,3.533930063,3.679899931,3.681169987,5.081729889,,5.167319775,5.089159966,4.927959919,5.936950207,,3.284379959,3.296570063,4.047570229,5.643869877,,,,,,,7.475989819,6.364510059,,4.944169998,,,,,,,,,,,,,,,,,3.896209955,
Japan,JPN,"Government expenditure on education, total (% of GDP)",SE.XPD.TOTL.GD.ZS,,,,,,,,,,,,3.675230026,4.032080173,4.063899994,4.060949802,4.693160057,4.875929832,4.865330219,4.919750214,5.083630085,5.094960213,5.090620041,5.060510159,4.844009876,,,,5.607089996,5.596980095,5.404170036,,,,3.438699961,3.625560045,3.465729952,,,3.356029987,3.433300018,3.516170025,3.457070112,3.46536994,3.523689985,3.483069897,3.368619919,3.329090118,3.330940008,3.319149971,,3.639499903,3.642580032,3.692260027,3.665380001,3.59059,,,
Kazakhstan,KAZ,"Government expenditure on education, total (% of GDP)",SE.XPD.TOTL.GD.ZS,,,,,,,,,,,,,,,,,,,,,,,,,,,,,,,,,,,,4.034450054,3.923710108,4.373429775,,3.892570019,3.25661993,,3.029700041,,2.25590992,2.263530016,2.626780033,2.831389904,2.589459896,3.060719967,,,,,,2.788579941,2.978100061,
Kenya,KEN,"Government expenditure on education, total (% of GDP)",SE.XPD.TOTL.GD.ZS,,,,,,,,,,,,3.929820061,4.476339817,4.650519848,5.065509796,5.60612011,5.744100094,5.136320114,,,5.387879848,5.923729897,5.678120136,5.438300133,4.580959797,5.199769974,6.013790131,,6.600550175,6.035719872,,6.570670128,6.075900078,6.029150009,5.924019814,,,,,5.323239803,5.186729908,5.206210136,6.171999931,6.494269848,6.796929836,7.335649967,7.049839973,,,,5.508220196,5.335350037,5.509039879,5.411379814,5.280149937,5.271570206,,
Kyrgyz Republic,KGZ,"Government expenditure on education, total (% of GDP)",SE.XPD.TOTL.GD.ZS,,,,,,,,,,,,,,,,,,,,,,,,,,,,,,,,,,,5.588190079,6.156429768,4.902609825,,4.919630051,4.08521986,3.508369923,3.854190111,4.445469856,4.475409985,4.622429848,4.873839855,5.549860001,6.467000008,5.913189888,6.232679844,5.818830013,6.79061985,7.384230137,6.780200005,5.531599998,5.985509872,,
Cambodia,KHM,"Government expenditure on education, total (% of GDP)",SE.XPD.TOTL.GD.ZS,,,,,,,,,,,,,,,,,,,,,,,,,,,,,,,,,,,,,,,1.259070039,,1.666810036,1.722219944,1.711210012,,1.719820023,,,1.599300027,,1.665680051,1.533789992,1.510689974,1.56269002,2.021120071,1.90083003,,,
Kiribati,KIR,"Government expenditure on education, total (% of GDP)",SE.XPD.TOTL.GD.ZS,,,,,,,,,,,4.793129921,4.266429901,,,3.135109901,,,,,,,,,,,,,,,,,,,,,,,,,10.87100983,11.18587017,11.98812008,,,,,,,,,,,,,,,,
St. Kitts and Nevis,KNA,"Government expenditure on education, total (% of GDP)",SE.XPD.TOTL.GD.ZS,,,,,,,,,,,,,,,,,,,,,,,,,,4.150109768,,2.77331996,,2.286119938,,2.099960089,2.431420088,,,2.694920063,,,4.221960068,3.464190006,4.75369978,4.398210049,3.903929949,3.823699951,4.005630016,3.859920025,4.111549854,4.288869858,,,,,,,,2.778529882,,
"Korea, Rep.",KOR,"Government expenditure on education, total (% of GDP)",SE.XPD.TOTL.GD.ZS,,,,,,,,,,,3.416239977,3.744299889,3.226720095,2.686929941,,2.09691,2.765959978,2.437920094,,3.036020041,3.480969906,2.918960094,6.377319813,4.351880074,4.043159962,4.027120113,3.676840067,3.416150093,2.784009933,3.105400085,3.082449913,3.54189992,3.633840084,3.757879972,3.071409941,2.990600109,,,3.44994998,3.454440117,,3.897429943,3.792619944,4.132410049,4.115290165,3.901370049,3.967430115,3.952290058,4.463950157,4.669829845,,,4.618229866,4.930699825,5.05671978,5.065440178,,
Kuwait,KWT,"Government expenditure on education, total (% of GDP)",SE.XPD.TOTL.GD.ZS,,,,,,,,,,,,3.287339926,2.815749884,3.303689957,3.521600008,2.135540009,3.115080118,3.368669987,4.081850052,3.428560019,2.791019917,2.719140053,3.03350997,5.090270042,5.148880005,5.007619858,5.400839806,,,,,,14.19882965,,,,5.859539986,5.582509995,,,,6.585999966,6.550499916,,5.535150051,4.738249779,3.760010004,,,,,,,,,,,
Latin America & Caribbean (excluding high income),LAC,"Government expenditure on education, total (% of GDP)",SE.XPD.TOTL.GD.ZS,,,,,,,,,,,,,,,,,,,,,,,,,,,,,,,,,,,,3.578749895,,,3.727954984,3.800620079,3.948920012,4.339370012,4.072584867,4.256849766,,,4.266250134,3.843010068,4.887665033,5.463550091,4.826159954,4.966430187,4.963039875,5.004640102,5.293425083,,,
Lao PDR,LAO,"Government expenditure on education, total (% of GDP)",SE.XPD.TOTL.GD.ZS,,,,,,,,,,,,,,,,,,,,,,,,,,,,,,,,,2.334569931,,,,2.429749966,2.130199909,,,1.503690004,1.990280032,2.825220108,,2.413000107,2.414089918,2.958790064,3.078419924,2.27854991,1.654850006,1.709789991,1.808899999,1.821470022,3.233809948,2.937809944,,,
Lebanon,LBN,"Government expenditure on education, total (% of GDP)",SE.XPD.TOTL.GD.ZS,,,,,,,,,,,,,,,,,,,,,,,,,,,,,,,,,,1.756420016,1.93125999,2.224630117,2.084670067,,,,,2.841480017,2.552710056,,2.666739941,2.67227006,2.80862999,2.609869957,2.007319927,1.761849999,1.614330053,1.646389961,2.156290054,2.479769945,,,,
Liberia,LBR,"Government expenditure on education, total (% of GDP)",SE.XPD.TOTL.GD.ZS,,,,,,,,,,,,,,,,,,,6.994840145,,6.259059906,,,,,,,,,,,,,,,,,,,,,,,,,,,,3.161420107,,,,2.757560015,,,,,
Libya,LBY,"Government expenditure on education, total (% of GDP)",SE.XPD.TOTL.GD.ZS,,,,,,,,,,,,,,,,,,,,,,,,,,,,,,,,,,,,,,,,,,,,,,,,,,,,,,,,,,
St. Lucia,LCA,"Government expenditure on education, total (% of GDP)",SE.XPD.TOTL.GD.ZS,,,,,,,,,,,,,,,,,,,,,,,5.556350231,,,,4.876229763,,,,,,,,7.77023983,,,,6.577310085,6.474820137,,6.848969936,,4.236249924,4.104269981,5.060490131,5.252099991,,4.689179897,3.439729929,3.864929914,3.860320091,3.590130091,4.312099934,4.336209774,4.37417984,5.710239887,
Latin America & Caribbean,LCN,"Government expenditure on education, total (% of GDP)",SE.XPD.TOTL.GD.ZS,,,,,,,,,,,,,,,,,,,,,,,,,,,,,,,,,,,3.451174974,3.558549881,,,3.434810042,3.800620079,3.862375021,4.178149939,4.017340183,3.956354976,3.745604992,,3.893320084,3.843010068,4.844409943,5.463550091,4.826159954,4.726890087,5.064234972,5.220625162,5.325860023,,,
Least developed countries: UN classification,LDC,"Government expenditure on education, total (% of GDP)",SE.XPD.TOTL.GD.ZS,,,,,,,,,,,,,,,,,,,,,,,,,,,,,,,,,,,,,,,,3.131069899,2.888689995,3.241340041,2.97813499,,3.148969889,3.385769963,,,3.527420044,,3.539799929,3.052150011,3.175765038,3.258304954,,,,
Low income,LIC,"Government expenditure on education, total (% of GDP)",SE.XPD.TOTL.GD.ZS,,,,,,,,,,,,,,,,,,,,,,,,,,,,,,,,,,,,,,,,3.141254902,2.971560001,3.294670105,,,3.38617003,,,,3.662930012,4.098309994,3.631720066,3.842619896,4.035780191,3.474649906,,,,
Liechtenstein,LIE,"Government expenditure on education, total (% of GDP)",SE.XPD.TOTL.GD.ZS,,,,,,,,,,,,,,,,,,,,,,,,,,,,,,,,,,,,,,,,,,,,2.46013999,2.433330059,,2.053809881,1.921190023,2.048369884,,,2.556040049,,,,,,
Sri Lanka,LKA,"Government expenditure on education, total (% of GDP)",SE.XPD.TOTL.GD.ZS,,,,,,,,,,,,,,3.316400051,,2.74454999,,,,2.567430019,2.704169989,2.442209959,2.558500051,2.39060998,2.165260077,2.576139927,2.805419922,2.644330025,2.826359987,2.755160093,2.410929918,2.915580034,,,3.108530045,2.957600117,3.343600035,,3.051419973,,,,,,,,,,,2.055900097,1.717740059,1.808609962,1.496170044,1.621070027,1.932880044,2.22852993,3.494970083,
Lower middle income,LMC,"Government expenditure on education, total (% of GDP)",SE.XPD.TOTL.GD.ZS,,,,,,,,,,,,,,,,,,,,,,,,,,,,,,,,,,,,,,,,4.102349997,3.267659903,,3.208319902,3.815129995,3.205754995,3.059520006,3.594475031,,3.760829926,3.969540119,4.553460121,3.839720011,4.239290118,4.286835074,,,,
Low & middle income,LMY,"Government expenditure on education, total (% of GDP)",SE.XPD.TOTL.GD.ZS,,,,,,,,,,,,,,,,,,,,,,,,,,,,,,,,,,,,,,,,3.892570019,3.286920071,3.586050034,3.346045017,3.662270069,3.508039951,3.63124001,3.743584991,3.640145063,3.800415039,4.222040176,3.90121007,3.8838799,4.053530216,4.092040062,,,,
Lesotho,LSO,"Government expenditure on education, total (% of GDP)",SE.XPD.TOTL.GD.ZS,,,,,,,,,,,,4.641550064,4.526509762,4.866559982,4.234240055,,,,,,,,,10.09694004,6.428410053,7.088580132,,,7.216639996,6.202280045,,,,8.577030182,7.025430202,8.64097023,,11.36400986,,12.49934959,10.09154987,9.365050316,10.10044956,13.21957016,11.10900974,12.07966042,11.27128029,,11.38967991,,,,,,,,,
Late-demographic dividend,LTE,"Government expenditure on education, total (% of GDP)",SE.XPD.TOTL.GD.ZS,,,,,,,,,,,,,,,,,,,,,,,,,,,,,,,,,,,,3.764709949,3.917285085,,4.112339973,4.140850067,3.853990078,3.898090005,4.093695164,4.211369991,4.079349995,3.93859005,3.866260052,4.441725016,4.70663023,4.784190178,4.896305084,4.60902977,4.624810219,4.940110207,4.912409782,,,
Lithuania,LTU,"Government expenditure on education, total (% of GDP)",SE.XPD.TOTL.GD.ZS,,,,,,,,,,,,,,,,,,,,,,,,,,,,,,,,,,,,4.764920235,4.843719959,5.449550152,6.116010189,,,5.840380192,5.79253006,5.108510017,5.169159889,4.873189926,4.820549965,4.590549946,4.83453989,5.577410221,5.299029827,5.120269775,4.766860008,4.607260227,4.485509872,,,
Luxembourg,LUX,"Government expenditure on education, total (% of GDP)",SE.XPD.TOTL.GD.ZS,,,,,,,,,,,2.221940041,2.757839918,2.647480011,2.716589928,,3.306469917,3.491549969,3.568030119,4.191579819,4.252870083,4.397019863,4.52835989,5.095980167,3.206640005,,,3.660769939,3.944000006,3.877629995,3.740530014,,,,,,3.534490108,3.336110115,,,,,3.555799961,,,,,,,,,,,4.090410233,,3.994390011,,,
Latvia,LVA,"Government expenditure on education, total (% of GDP)",SE.XPD.TOTL.GD.ZS,,,,,,,,,,,,,,,,,,,,,,,,,,,,,,,,,,,,,5.262159824,5.514689922,5.800670147,5.539820194,5.288290024,5.454889774,5.60875988,5.067289829,4.855050087,,4.711550236,4.656219959,5.405379772,5.573530197,5.080979824,4.936999798,6.594389915,6.971680164,5.268799782,,,
"Macao SAR, China",MAC,"Government expenditure on education, total (% of GDP)",SE.XPD.TOTL.GD.ZS,,,,,,,,,,,,,,,,,,,,,,,,,,,,,,,,,,,,,,,3.377569914,3.36597991,3.340869904,2.734019995,2.861999989,2.797640085,2.245640039,2.290649891,2.206389904,2.054519892,2.207920074,2.546469927,2.629499912,2.685189962,3.337359905,2.049860001,2.032059908,2.978179932,,
St. Martin (French part),MAF,"Government expenditure on education, total (% of GDP)",SE.XPD.TOTL.GD.ZS,,,,,,,,,,,,,,,,,,,,,,,,,,,,,,,,,,,,,,,,,,,,,,,,,,,,,,,,,,
Morocco,MAR,"Government expenditure on education, total (% of GDP)",SE.XPD.TOTL.GD.ZS,,,,,,,,,,,,,,4.671689987,4.275489807,5.212709904,6.027120113,6.084249973,6.20182991,6.315480232,5.104859829,5.689260006,6.122680187,6.174670219,5.190130234,5.102169991,5.259280205,5.162139893,4.577819824,4.757329941,4.510489941,4.303160191,,4.824969769,,4.734809875,,,5.115540028,5.140160084,,,,,,,,,5.342150211,5.260640144,,,,,,,,
Monaco,MCO,"Government expenditure on education, total (% of GDP)",SE.XPD.TOTL.GD.ZS,,,,,,,,,,,,,,,,,,,,,,,,,,,,,0.881030023,0.957520008,,,0.913600028,,,1.06456995,1.082239985,1.212419987,1.208829999,1.195279956,1.255360007,,,,1.243860006,,,,,1.328770041,1.320219994,1.591420054,1.780040026,1.334400058,1.021950006,,1.371019959,
Moldova,MDA,"Government expenditure on education, total (% of GDP)",SE.XPD.TOTL.GD.ZS,,,,,,,,,,,,,,,,,,,,,,,,,,,,,,,,,,,,,9.89659977,,,4.662549973,4.486390114,4.84691,5.497910023,5.424900055,6.771090031,7.162730217,7.498929977,8.293430328,8.237330437,9.509759903,9.112110138,8.559700012,8.348959923,,7.464509964,,6.706920147,
Madagascar,MDG,"Government expenditure on education, total (% of GDP)",SE.XPD.TOTL.GD.ZS,,,,,,,,,,,,,3.217370033,2.711149931,2.673759937,2.516680002,3.25500989,5.053949833,,3.97033,4.320250034,3.812779903,3.150619984,2.65447998,2.929330111,2.756180048,,,,,,,,2.140180111,,,,1.849640012,1.870650053,2.767549992,2.911350012,3.250329971,2.716209888,3.039489985,3.264300108,3.848170042,3.282530069,3.369879961,2.910409927,3.177510023,,2.781120062,2.732170105,2.082309961,,,,
Maldives,MDV,"Government expenditure on education, total (% of GDP)",SE.XPD.TOTL.GD.ZS,,,,,,,,,,,,,,,,,,,,,,,,,,,,,,,,,,,,,,,,,,,5.791860104,5.324069977,4.661600113,5.016839981,4.64523983,4.417880058,4.470290184,5.77493,4.117469788,3.506599903,3.76038003,3.800120115,3.470459938,4.478690147,4.250070095,
Middle East & North Africa,MEA,"Government expenditure on education, total (% of GDP)",SE.XPD.TOTL.GD.ZS,,,,,,,,,,,,,,,,3.934509993,,4.975344896,,,4.840194941,5.27562499,5.304150105,5.549990177,5.727200031,,5.400839806,,,4.312865019,,,,4.569794893,,,4.671569824,,,,,6.20182991,,,5.371479988,,4.289989948,,4.466135025,,,,,,,,,
Mexico,MEX,"Government expenditure on education, total (% of GDP)",SE.XPD.TOTL.GD.ZS,,,,,,,,,,,,,,,,,,,,,,,,,,,,,,2.265880108,2.31208992,2.53737998,3.001290083,,3.650510073,3.867429972,,,3.529469967,3.662100077,4.134109974,4.428319931,4.638470173,5.186739922,4.800179958,4.907949924,4.749129772,4.731979847,4.858210087,5.217490196,5.191969872,5.14620018,5.165430069,4.742420197,5.325860023,,,
Marshall Islands,MHL,"Government expenditure on education, total (% of GDP)",SE.XPD.TOTL.GD.ZS,,,,,,,,,,,,,,,,,,,,,,,,,,,,,,,,,,,,,,,,14.53903961,,,8.669870377,12.23999023,,,,,,,,,,,,,,
Middle income,MIC,"Government expenditure on education, total (% of GDP)",SE.XPD.TOTL.GD.ZS,,,,,,,,,,,,,,,,,,,,,,,,,,,,,,,,,,,,,,,,4.110370159,3.759464979,3.708679914,3.623134971,3.967989922,3.547869921,3.966799974,3.893320084,3.640145063,3.958529949,4.377439976,4.507430077,4.137549877,4.385310173,4.12210989,,,,
"Macedonia, FYR",MKD,"Government expenditure on education, total (% of GDP)",SE.XPD.TOTL.GD.ZS,,,,,,,,,,,,,,,,,,,,,,,,,,,,,,,,,4.979109764,4.870729923,4.760970116,4.492690086,4.526229858,,,,,,3.300149918,,,,,,,,,,,,,,,
Mali,MLI,"Government expenditure on education, total (% of GDP)",SE.XPD.TOTL.GD.ZS,,,,,,,,,,,,,,,,,,,3.559590101,,3.470659971,3.447940111,3.278850079,,,,2.435369968,,,,,,,,,,,,2.649590015,2.231839895,2.971560001,2.658449888,2.896229982,3.805599928,3.859220028,3.52218008,,,3.42027998,3.872809887,3.343889952,3.754230022,3.479490042,3.282799959,3.637409925,3.801359892,,
Malta,MLT,"Government expenditure on education, total (% of GDP)",SE.XPD.TOTL.GD.ZS,,,,,,,,,,,,6.15196991,5.549990177,5.26970005,4.493100166,4.422210217,3.831890106,3.897609949,3.348829985,3.153640032,,2.865329981,2.854079962,3.314690113,3.078720093,3.248339891,3.105720043,3.16531992,3.338239908,3.58874011,3.831419945,3.920300007,4.314099789,,,,,,4.277430058,,,,3.949239969,,4.460760117,,,5.981349945,5.570610046,5.170370102,6.454889774,7.793879986,6.523690224,7.879179955,7.249639988,,,
Myanmar,MMR,"Government expenditure on education, total (% of GDP)",SE.XPD.TOTL.GD.ZS,,,,,,,,,,,,,2.865099907,3.27380991,,1.987390041,1.726189971,1.637820005,1.643659949,,,,,,,,,,,,,,,,,1.202479959,,,,,,,,,,,,,,,,0.787440002,,,,,,2.165699959
Middle East & North Africa (excluding high income),MNA,"Government expenditure on education, total (% of GDP)",SE.XPD.TOTL.GD.ZS,,,,,,,,,,,,,,,,,,4.975344896,,,4.840194941,,5.553100109,,,,,,,4.312865019,,,,,,,4.185309887,,,,,,,,,,,,4.466135025,,,,,,,,,
Montenegro,MNE,"Government expenditure on education, total (% of GDP)",SE.XPD.TOTL.GD.ZS,,,,,,,,,,,,,,,,,,,,,,,,,,,,,,,,,,,,,,,,,,,,,,,,,,,,,,,,,,
Mongolia,MNG,"Government expenditure on education, total (% of GDP)",SE.XPD.TOTL.GD.ZS,,,,,,,,,,,,,,,,,,,,,,,,,,,,,,,,,,,,,,3.948970079,5.493020058,5.145659924,5.550370216,,7.210780144,,4.325729847,,,4.690130234,,5.144849777,4.645100117,4.60902977,5.19520998,4.940770149,4.714849949,4.176990032,5.182119846,
Northern Mariana Islands,MNP,"Government expenditure on education, total (% of GDP)",SE.XPD.TOTL.GD.ZS,,,,,,,,,,,,,,,,,,,,,,,,,,,,,,,,,,,,,,,,,,,,,,,,,,,,,,,,,,
Mozambique,MOZ,"Government expenditure on education, total (% of GDP)",SE.XPD.TOTL.GD.ZS,,,,,,,,,,,,,,,,,,,,,,,,,,,,,,,,,,,,,,,2.051939964,3.131069899,,,,,3.715919971,4.430130005,4.274270058,,,,,,6.075510025,6.480090141,,,,
Mauritania,MRT,"Government expenditure on education, total (% of GDP)",SE.XPD.TOTL.GD.ZS,,,,,,,,,,,,,,,,,,,,,,,,,,,,,,,,,,,,,,2.343729973,,2.432889938,,2.83949995,3.055380106,3.103490114,2.516870022,,2.524580002,,3.552249908,,3.604279995,3.052150011,2.77579999,2.937390089,,,2.631069899,
Mauritius,MUS,"Government expenditure on education, total (% of GDP)",SE.XPD.TOTL.GD.ZS,,,,,,,,,,,,,,,,,,4.422319889,5.542679787,,,5.032839775,4.584519863,4.435100079,4.069719791,3.946510077,3.469000101,3.044569969,3.118350029,3.500960112,3.157079935,3.509890079,,,,,,,,3.93975997,3.815259933,3.169749975,3.112920046,4.484379768,4.472000122,4.201550007,3.818109989,3.185400009,3.063070059,3.047310114,3.551470041,3.332070112,3.418200016,3.61578989,4.916950226,4.886670113,5.013599873,5.082039833
Malawi,MWI,"Government expenditure on education, total (% of GDP)",SE.XPD.TOTL.GD.ZS,,,,,,,,,,,,4.404789925,3.383399963,3.33149004,3.087090015,2.703789949,2.422310114,,,,,,,,,,3.19866991,3.525079966,3.171439886,3.176350117,3.270539999,,,,,4.008850098,5.381259918,,,4.994909763,5.247970104,4.508979797,,3.215660095,,,,,,,3.539799929,4.152619839,,5.41617012,4.839839935,5.608660221,4.748569965,
Malaysia,MYS,"Government expenditure on education, total (% of GDP)",SE.XPD.TOTL.GD.ZS,,,,,,,,,,,,4.550940037,,,,,,,,5.087609768,5.72619009,6.696969986,7.03278017,,5.66629982,6.11111021,7.243360043,6.326000214,,,,,5.111460209,4.654660225,4.705309868,4.342569828,4.913869858,4.620379925,,5.686749935,5.971610069,7.484469891,7.657949924,7.502880096,5.9238801,,4.485770226,4.372539997,3.958529949,5.974180222,4.966450214,5.76293993,5.739029884,5.481200218,5.212639809,4.976130009,4.827539921,
North America,NAC,"Government expenditure on education, total (% of GDP)",SE.XPD.TOTL.GD.ZS,,,,,,,,,,,,7.710189819,7.615409851,7.037499905,6.689630032,6.442949772,6.720990181,6.733530045,7.097670078,6.714749813,6.484670162,6.43061018,6.519139767,6.880430222,6.644040108,6.212870121,6.04418993,6.32446003,6.176149845,6.098320007,5.991990089,6.884300232,6.770939827,7.704259872,6.680019855,6.324450016,,,5.51196003,5.549940109,5.442009926,4.969580173,5.01072979,,,4.782149792,,4.780360222,4.638259888,4.852640152,5.39496994,5.249169827,5.194859982,4.943789959,4.989480019,,,
Namibia,NAM,"Government expenditure on education, total (% of GDP)",SE.XPD.TOTL.GD.ZS,,,,,,,,,,,,,,,,,,,,,,,,,,,,,,,,,,,,,,,,7.217549801,6.991390228,6.912819862,6.762390137,6.115109921,,,6.037819862,,6.483980179,,8.349610329,,,,,,,
New Caledonia,NCL,"Government expenditure on education, total (% of GDP)",SE.XPD.TOTL.GD.ZS,,,,,,,,,,,,,,,,,,,,,,,,,,,,,,,,,,,,,,,,,,,,,,,,,,,,,,,,,,
Niger,NER,"Government expenditure on education, total (% of GDP)",SE.XPD.TOTL.GD.ZS,,,,,,,,,,,,1.052270055,,,,,,,,,,,,,,,,,,,2.937069893,3.258059978,3.238929987,2.838900089,2.808619976,2.852149963,2.594980001,,,3.228630066,3.189470053,2.867249966,3.063659906,2.401619911,,,3.334059954,4.020969868,3.662930012,4.526030064,3.733390093,4.207180023,4.327670097,4.918439865,6.72770977,6.017320156,,
Nigeria,NGA,"Government expenditure on education, total (% of GDP)",SE.XPD.TOTL.GD.ZS,,,,,,,,,,,,,,,3.210170031,3.063689947,,,,,,,,,,,,,,,,,,,,,,,,,,,,,,,,,,,,,,,,,,
Nicaragua,NIC,"Government expenditure on education, total (% of GDP)",SE.XPD.TOTL.GD.ZS,,,,,,,,,,,2.038589954,2.492029905,,,,,,,,2.822779894,3.262409925,,3.792680025,,5.978899956,,,5.351749897,,,,,2.984970093,,,,,,2.225850105,2.923650026,3.001600027,,2.391010046,2.422009945,,,,,,,4.484230042,,,,,,,
Netherlands,NLD,"Government expenditure on education, total (% of GDP)",SE.XPD.TOTL.GD.ZS,,,,,,,,,,,6.301579952,6.410009861,6.400179863,5.918479919,6.41779995,6.454030037,6.393889904,6.262430191,6.264369965,6.169069767,5.968979836,5.823699951,5.768630028,5.571899891,5.155910015,5.543630123,5.633440018,5.974170208,5.542190075,,5.296380043,5.228380203,,4.818099976,4.723529816,4.638070107,4.542439938,,4.598649979,4.557209969,4.625500202,4.750770092,4.870389938,5.101490021,5.114640236,5.158790112,5.090469837,4.933760166,5.092269897,5.495790005,5.555799961,5.526169777,5.475649834,5.591879845,5.529310226,,,
Norway,NOR,"Government expenditure on education, total (% of GDP)",SE.XPD.TOTL.GD.ZS,,,,,,,,,,,,,5.904059887,5.891719818,5.673659801,5.550220013,6.163599968,5.972809792,6.444349766,,5.780149937,5.543640137,5.678850174,5.646299839,5.429369926,5.255670071,5.539830208,5.788070202,5.865970135,6.299860001,6.310379982,6.373219967,6.63613987,7.676640034,7.830430031,7.695789814,7.138150215,7.30354023,7.360690117,6.966420174,6.464680195,6.829410076,7.441319942,7.419799805,7.302519798,6.86868,6.385660172,6.532030106,6.281079769,7.095439911,6.740459919,6.447430134,7.364250183,7.474760056,7.68073988,,,
Nepal,NPL,"Government expenditure on education, total (% of GDP)",SE.XPD.TOTL.GD.ZS,,,,,,,,,,,,,,,,,,,,,,,,,,,,,,,,,,,,,,,2.892879963,2.89331007,2.975150108,3.708379984,3.152829885,3.11435008,3.171940088,3.364639997,3.605360031,3.517210007,3.805170059,4.663760185,3.631720066,3.842619896,3.76116991,3.474649906,3.993020058,3.703589916,,
Nauru,NRU,"Government expenditure on education, total (% of GDP)",SE.XPD.TOTL.GD.ZS,,,,,,,,,,,,,,,,,,,,,,,,,,,,,,,,,,,,,,,,,,,,,,,,,,,,,,,,,,
New Zealand,NZL,"Government expenditure on education, total (% of GDP)",SE.XPD.TOTL.GD.ZS,,,,,,,,,,,,,,4.753230095,4.746799946,5.16753006,5.454740047,4.452670097,4.532529831,4.467870235,4.232470036,4.44054985,4.532700062,,4.045780182,3.546230078,3.430249929,3.917269945,4.42592001,4.818240166,,,,,5.925980091,5.742129803,6.383719921,6.157279968,,6.636209965,,6.560490131,6.406990051,6.437479973,6.512030125,6.278920174,5.952799797,5.916039944,5.506410122,6.281169891,7.00248003,6.936689854,7.15267992,6.702079773,6.355259895,6.344510078,,
OECD members,OED,"Government expenditure on education, total (% of GDP)",SE.XPD.TOTL.GD.ZS,,,,,,,,,,,,,,,4.655940056,5.127960205,5.224450111,,4.990650177,5.038159847,5.094960213,5.090620041,5.2385602,4.851749897,,,4.826459885,4.832949877,4.56600523,4.723474979,4.559000015,4.801120043,4.85531497,5.092060089,4.850830078,4.839260101,5.068520069,,4.463469982,4.579164982,4.858910084,4.969580173,5.213424921,5.278269768,5.042300224,5.070759773,4.9615798,4.824350119,5.009185076,5.495790005,5.47350502,5.185050011,5.180145025,5.259789944,5.192669868,,,
Oman,OMN,"Government expenditure on education, total (% of GDP)",SE.XPD.TOTL.GD.ZS,,,,,,,,,,,,,,,,,,,,,,,,,,,3.79282999,3.656260014,3.389889956,2.978240013,2.838920116,2.987940073,3.122580051,3.508219957,3.444489956,3.413259983,3.184520006,3.356800079,4.112339973,4.005949974,3.200239897,4.020309925,4.325069904,3.896970034,4.028379917,3.51722002,3.859339952,,,4.187749863,,,,4.960400105,,,6.158510208,
Other small states,OSS,"Government expenditure on education, total (% of GDP)",SE.XPD.TOTL.GD.ZS,,,,,,,,,,,,4.641550064,4.526509762,4.866559982,4.234240055,,,,,,,,,5.552269936,5.551660061,5.650720119,,,6.151110172,,,,,,,,,,,5.168560028,5.340209961,5.037360191,4.954774857,5.555700064,5.156709909,6.196000099,6.13270998,,5.517509937,5.9541502,4.539659977,3.968689919,3.418200016,3.322749972,4.916950226,,,
Pakistan,PAK,"Government expenditure on education, total (% of GDP)",SE.XPD.TOTL.GD.ZS,,,,,,,,,,,,1.654289961,1.578259945,1.851250052,1.898059964,2.008559942,2.216350079,2.122370005,2.204180002,2.19701004,2.128829956,1.969519973,2.013669968,1.995769978,2.069849968,2.43543005,2.678129911,2.977459908,,2.363820076,2.51680994,2.566760063,2.559400082,2.398679972,2.605999947,2.816790104,2.810570002,3.022300005,,2.611490011,1.837820053,,,,1.948410034,2.254359961,2.626379967,2.635270119,2.746229887,2.59078002,2.286870003,2.221750021,2.13628006,2.493439913,2.465929985,2.650019884,2.49180007,2.757920027
Panama,PAN,"Government expenditure on education, total (% of GDP)",SE.XPD.TOTL.GD.ZS,,,,,,,,,,,4.043280125,3.353919983,3.982820034,3.48574996,3.8197999,4.154510021,4.312729836,4.280960083,3.605979919,3.642549992,3.535670042,3.431799889,3.41850996,3.550909996,3.468709946,3.521460056,3.34574008,3.870120049,,,,,,,3.470540047,3.947809935,4.09431982,3.847110033,,4.567230225,4.759689808,4.105879784,4.1916399,4.168700218,3.578660011,,,,3.592789888,,,3.18772006,,,,,,
Peru,PER,"Government expenditure on education, total (% of GDP)",SE.XPD.TOTL.GD.ZS,,,,,,,,,,,,,,3.391720057,,,,,,,,,,,,,,,,,,,,,,,3.118799925,,3.278179884,3.44133997,3.228029966,3.037120104,2.820569992,2.937799931,2.957870007,2.839030027,2.652810097,2.629400015,2.867749929,3.139940023,2.867300034,2.663500071,2.92276001,3.296600103,3.691210032,3.981770039,3.806989908,
Philippines,PHL,"Government expenditure on education, total (% of GDP)",SE.XPD.TOTL.GD.ZS,,,,,,,,,,,,,,,,,,,,,1.717730045,,2.074929953,1.686069965,,,1.726209998,,,,,,,,,3.042259932,3.362869978,3.517159939,3.81449008,,3.267659903,3.026619911,2.997080088,3.044699907,2.567970037,2.426290035,2.5338099,2.595340014,2.692980051,2.652950048,,,,,,,,
Palau,PLW,"Government expenditure on education, total (% of GDP)",SE.XPD.TOTL.GD.ZS,,,,,,,,,,,,,,,,,,,,,,,,,,,,,,,,,,,,,,,,,7.934720039,7.646220207,7.595049858,,,,,,,,,,,,,,,
Papua New Guinea,PNG,"Government expenditure on education, total (% of GDP)",SE.XPD.TOTL.GD.ZS,,,,,,,,,,,,,5.247159958,,,,,7.389709949,,,,,,,,,,,,,,,,,,,,,,,,,,,,,,,,,,,,,,,,
Poland,POL,"Government expenditure on education, total (% of GDP)",SE.XPD.TOTL.GD.ZS,,,,,,,,,,,,,,,,,,,,,,,,,,,,,,,,3.891449928,4.187930107,4.182759762,,4.335000038,6.267179966,,4.95043993,4.600289822,4.993619919,5.329750061,5.3979702,5.332180023,5.35574007,5.426089764,5.205729961,4.868340015,5.040440083,4.989099979,5.068429947,4.820119858,4.811810017,4.940110207,4.912409782,,,
Pre-demographic dividend,PRE,"Government expenditure on education, total (% of GDP)",SE.XPD.TOTL.GD.ZS,,,,,,,,,,,,,,,,,,,,,,,,,,,,,,,,,,,,,,,,3.151439905,2.767699957,3.232350111,3.055380106,,3.206634998,3.406899929,,,3.429049969,,3.572039962,3.437849998,3.479490042,3.282799959,,,,
Puerto Rico,PRI,"Government expenditure on education, total (% of GDP)",SE.XPD.TOTL.GD.ZS,,,,,,,,,,,,7.250520229,7.214580059,6.479929924,7.286900043,6.229740143,7.140490055,6.387569904,6.681029797,,,,,,,,,,,,,,,,,,,,,,,,,,,,,,,,,,,6.512110233,6.03234005,,,
"Korea, Dem. Peoples Rep.",PRK,"Government expenditure on education, total (% of GDP)",SE.XPD.TOTL.GD.ZS,,,,,,,,,,,,,,,,,,,,,,,,,,,,,,,,,,,,,,,,,,,,,,,,,,,,,,,,,,
Portugal,PRT,"Government expenditure on education, total (% of GDP)",SE.XPD.TOTL.GD.ZS,,,,,,,,,,,,,,1.633749962,1.935170054,3.062160015,3.078429937,,2.900190115,2.699039936,3.067130089,3.185440063,3.328769922,3.232490063,3.142230034,3.262170076,3.048949957,3.157670021,3.387190104,3.474900007,3.569370031,4.070930004,4.337039948,4.840469837,4.670839787,4.612860203,5.06512022,,,5.045350075,5.161769867,5.33506012,5.255879879,5.278269768,5.042300224,5.070759773,4.90802002,4.921909809,4.702129841,5.562139988,5.402890205,5.121290207,4.946400166,5.277870178,5.123250008,,,
Paraguay,PRY,"Government expenditure on education, total (% of GDP)",SE.XPD.TOTL.GD.ZS,,,,,,,,,,,2.281100035,2.471970081,,,,,,,,,,,,,,1.544649959,,,,,1.062070012,,,,,,,,4.30809021,4.454969883,4.570710182,4.250420094,3.877039909,3.949249983,3.438090086,,,3.546040058,,,3.767659903,4.966430187,4.963039875,,,,,
West Bank and Gaza,PSE,"Government expenditure on education, total (% of GDP)",SE.XPD.TOTL.GD.ZS,,,,,,,,,,,,,,,,,,,,,,,,,,,,,,,,,,,,,,,,,,,,,,,,,,,6.725470066,5.702700138,5.132679939,5.302499771,,5.141359806,5.729929924,
Pacific island small states,PSS,"Government expenditure on education, total (% of GDP)",SE.XPD.TOTL.GD.ZS,,,,,,,,,,,,,,,,,,,,,,,,,,,,,,,,,,,,,,,,,,,,,,,,,,,,,,,,,,
Post-demographic dividend,PST,"Government expenditure on education, total (% of GDP)",SE.XPD.TOTL.GD.ZS,,,,,,,,,,,,,,,,5.029500008,4.875929832,,,,5.039544821,4.829939842,5.060510159,,,,,4.602769852,4.524040222,,,5.165800095,,5.251999855,5.055300236,4.843729973,4.843719959,,4.463469982,4.967790127,4.873875141,4.95980978,5.213424921,5.278269768,5.235795021,5.158790112,5.055665016,4.927834988,4.867990017,5.130670071,5.402890205,5.121290207,4.996505022,5.040480137,5.157959938,,,
French Polynesia,PYF,"Government expenditure on education, total (% of GDP)",SE.XPD.TOTL.GD.ZS,,,,,,,,,,,,,,,,,,,,,,,,,,,,,,,,,,,,,,,,,,,,,,,,,,,,,,,,,,
Qatar,QAT,"Government expenditure on education, total (% of GDP)",SE.XPD.TOTL.GD.ZS,,,,,,,,,,,,3.000279903,2.691440105,2.867830038,,,1.746970057,1.970059991,2.77696991,,,,,,,,,,,,,,,,,,,,3.577670097,4.345300198,3.725980043,3.200190067,3.846560001,3.373939991,3.462589979,3.971879959,,,4.22755003,3.413150072,4.539659977,4.012239933,3.50744009,4.073840141,3.605350018,,,
Romania,ROU,"Government expenditure on education, total (% of GDP)",SE.XPD.TOTL.GD.ZS,,,,,,,,,,,,,,,,,,,,,,,,,,,,,,,,,,,,,3.219779968,,,,2.85442996,3.240459919,3.495899916,3.421950102,3.258670092,3.456680059,,4.223279953,,4.161829948,3.458489895,3.027750015,2.946039915,,3.128509998,,,
Russian Federation,RUS,"Government expenditure on education, total (% of GDP)",SE.XPD.TOTL.GD.ZS,,,,,,,,,,,,,,,,,,,,,,,,,,,,,,,,,,,,,,,,,2.939810038,3.106019974,3.839020014,3.678539991,3.547869921,3.771929979,3.866260052,,4.101749897,,,,3.789730072,,,,,
Rwanda,RWA,"Government expenditure on education, total (% of GDP)",SE.XPD.TOTL.GD.ZS,,,,,,,,,,,,,,,,,,2.150209904,2.232470036,2.441279888,2.666330099,4.392970085,,,,,,3.505779982,3.335340023,3.746629953,,,,,,,,,,4.578479767,4.09510994,5.666069984,,,,,,4.241010189,3.732199907,,4.8853302,4.649740219,4.688829899,4.961939812,,,3.54689002,
South Asia,SAS,"Government expenditure on education, total (% of GDP)",SE.XPD.TOTL.GD.ZS,,,,,,,,,,,,,,1.851250052,,2.008559942,,,,1.968410015,1.984879971,1.939345002,1.87182498,1.995769978,2.069849968,2.43543005,2.678129911,2.644330025,,,2.410929918,2.566760063,,,,,,3.022300005,3.051419973,2.752400041,2.550115108,,,3.11435008,2.560175061,3.231869936,2.906914949,2.635270119,2.746229887,2.59078002,3.42347002,2.82980001,2.349954963,2.98257494,3.121760011,2.946019888,2.500319958,
Saudi Arabia,SAU,"Government expenditure on education, total (% of GDP)",SE.XPD.TOTL.GD.ZS,,,,,,,,,,,,,,,,,,,,,,3.890249968,4.142549992,5.977970123,6.109570026,,6.255350113,,,,,5.779459953,5.144629955,5.999289989,6.343820095,5.692470074,4.943749905,4.377079964,8.281310081,7.072269917,5.90982008,7.718870163,7.636889935,7.105090141,6.277470112,5.430920124,5.891170025,,5.13781023,,,,,,,,,
Sudan,SDN,"Government expenditure on education, total (% of GDP)",SE.XPD.TOTL.GD.ZS,,,,,,,,,,,,,,,,,,,,,,,,,,,,,,,,,,,,,,,,,1.012179971,,1.426440001,,1.629899979,1.563070059,1.963019967,,2.201430082,2.218679905,,,,,,,,
Senegal,SEN,"Government expenditure on education, total (% of GDP)",SE.XPD.TOTL.GD.ZS,,,,,,,,,,,,,,,,,,,,,,,,,,,,,,,,,,,,,,,3.200299978,3.151439905,3.157480001,3.294670105,3.391940117,3.509409904,3.854729891,5.13696003,4.772299767,,5.048069954,6.192930222,6.501369953,6.068389893,5.934470177,7.244209766,7.401400089,7.107180119,,
Singapore,SGP,"Government expenditure on education, total (% of GDP)",SE.XPD.TOTL.GD.ZS,,,,,,,,,,,,3.111500025,2.869839907,2.490230083,2.390110016,2.441720009,2.692529917,2.451050043,2.291359901,2.249660015,2.560300112,2.584280014,3.268549919,3.94904995,,,,,3.65583992,,,,,,,,,,,,3.321360111,3.551379919,3.900629997,4.007780075,3.677010059,3.219660044,2.867870092,2.963360071,2.779360056,3.031840086,3.108360052,3.074189901,3.112659931,2.91283989,,,,
Solomon Islands,SLB,"Government expenditure on education, total (% of GDP)",SE.XPD.TOTL.GD.ZS,,,,,,,,,,,,3.400000095,,,,,,,,,,,,,,,,,,,,2.753819942,,,,,,,2.248709917,,,,,,,,,9.87994957,8.7999897,8.973259926,10.00107956,,,,,,,
Sierra Leone,SLE,"Government expenditure on education, total (% of GDP)",SE.XPD.TOTL.GD.ZS,,,,,,,,,,,,,,,,,,,,,,,,,,,,,,,,,,,,,,,,,4.949369907,3.467669964,3.58630991,3.294770002,3.144750118,2.835880041,,2.558510065,2.413170099,2.737879992,2.550470114,2.668900013,2.872040033,2.379810095,2.662909985,,2.912359953,
El Salvador,SLV,"Government expenditure on education, total (% of GDP)",SE.XPD.TOTL.GD.ZS,,,,,,,,,,,,,,,,0.904510021,,,,,,,,,,,,,,,,,,,,,,,2.319920063,2.319920063,2.54708004,,2.870539904,2.759089947,,2.732460022,3.012680054,3.054470062,3.741669893,3.969540119,3.486670017,3.417479992,3.334009886,3.433069944,3.448559999,3.517560005,3.453239918,
San Marino,SMR,"Government expenditure on education, total (% of GDP)",SE.XPD.TOTL.GD.ZS,,,,,,,,,,,,,,,,,,,,,,,,,,,,,,,,,,,,,,,,,,,,,,,,,,,2.30979991,2.382920027,,,,,,
Somalia,SOM,"Government expenditure on education, total (% of GDP)",SE.XPD.TOTL.GD.ZS,,,,,,,,,,,,,1.184689999,1.277279973,,,,,,,,,,,,,,,,,,,,,,,,,,,,,,,,,,,,,,,,,,,,
Serbia,SRB,"Government expenditure on education, total (% of GDP)",SE.XPD.TOTL.GD.ZS,,,,,,,,,,,,,,,,,,,,,,,,,,,,,,,,,,,,,,,,,,,,,,,,4.510910034,4.70663023,4.751880169,4.586550236,4.492980003,4.426579952,,4.180250168,4.040689945,,
Sub-Saharan Africa (excluding high income),SSA,"Government expenditure on education, total (% of GDP)",SE.XPD.TOTL.GD.ZS,,,,,,,,,,,,,,,,,,,,,,,,,,,,,,,,,,,,,,,,3.417449951,3.173475027,3.467669964,3.208319902,,3.621520042,3.631690025,3.740924954,,3.60758996,4.079705,3.836175084,3.925139904,4.101180077,4.498549938,,,,
South Sudan,SSD,"Government expenditure on education, total (% of GDP)",SE.XPD.TOTL.GD.ZS,,,,,,,,,,,,,,,,,,,,,,,,,,,,,,,,,,,,,,,,,,,,,,,,,,,,0.805209994,,1.178900003,1.712970018,1.540609956,1.810940027,
Sub-Saharan Africa,SSF,"Government expenditure on education, total (% of GDP)",SE.XPD.TOTL.GD.ZS,,,,,,,,,,,,,,,,,,,,,,,,,,,,,,,,,,,,,,,,3.417449951,3.173475027,3.467669964,3.208319902,,3.621520042,3.631690025,3.740924954,,3.60758996,4.079705,3.836175084,3.925139904,4.101180077,4.498549938,,,,
Small states,SST,"Government expenditure on education, total (% of GDP)",SE.XPD.TOTL.GD.ZS,,,,,,,,,,,,,,4.248999953,4.241605043,,,,,,,,,5.659435034,5.712785006,5.650720119,,,5.045985103,4.691925049,4.216645002,,,,,3.742130041,,,,5.090950012,5.015100002,5.037360191,4.934695005,4.88950491,4.911809921,5.520430088,,,5.85441494,6.076315165,5.033329964,4.012239933,3.462820053,3.61578989,5.198180199,,,
Sao Tome and Principe,STP,"Government expenditure on education, total (% of GDP)",SE.XPD.TOTL.GD.ZS,,,,,,,,,,,,,,,,,,,,,,,,,,,,,,,,,,,,,,,,,,,2.877300024,3.440439939,3.517819881,5.251160145,4.53594017,6.429940224,5.554490089,10.67790031,9.651470184,,6.339509964,5.939690113,3.749279976,,,
Suriname,SUR,"Government expenditure on education, total (% of GDP)",SE.XPD.TOTL.GD.ZS,,,,,,,,,,,,,,,,,,,,,,,,,,,,,,,,,,,,,,,,,,,,,,,,,,,,,,,,,,
Slovak Republic,SVK,"Government expenditure on education, total (% of GDP)",SE.XPD.TOTL.GD.ZS,,,,,,,,,,,,,,,,,,,,,,,,,,,,,,,,,5.379240036,4.468120098,3.727950096,4.315470219,4.139689922,4.129159927,,4.11247015,3.871989965,3.941989899,4.251060009,4.217209816,4.108129978,3.765219927,3.713540077,3.529320002,3.526740074,4.010940075,4.115880013,3.962310076,3.909209967,4.086659908,4.230679989,4.649779797,,
Slovenia,SVN,"Government expenditure on education, total (% of GDP)",SE.XPD.TOTL.GD.ZS,,,,,,,,,,,,,,,,,,,,,,,,,,,,,,,,,,,,4.923840046,,,,,,5.757090092,5.655119896,5.691279888,5.635179996,5.582409859,5.575590134,5.105090141,5.106090069,5.568590164,5.562510014,5.565629959,5.647830009,5.437819958,5.294439793,,,
Sweden,SWE,"Government expenditure on education, total (% of GDP)",SE.XPD.TOTL.GD.ZS,,,,,,,,,,,,,,,,,,,,6.463510036,6.630529881,6.878180027,,,,,,,,,5.286729813,5.521659851,5.33370018,5.585790157,,6.223899841,6.925010204,,7.167339802,6.930260181,6.81885004,6.686009884,7.001039982,6.85763979,6.722680092,6.559510231,6.410669804,6.215069771,6.390729904,6.857789993,6.621990204,6.491119862,7.656189919,7.717740059,7.681250095,,,
Swaziland,SWZ,"Government expenditure on education, total (% of GDP)",SE.XPD.TOTL.GD.ZS,,,,,,,,,,,,,,,,,3.714349985,3.944299936,5.796520233,6.364280224,5.297200203,6.58382988,6.753640175,,,,,5.802199841,5.511559963,5.661290169,5.484570026,,,,5.140289783,5.653140068,4.938159943,,,5.090950012,5.508480072,4.838240147,4.440869808,5.816770077,5.401609898,6.484620094,6.554759979,,6.618120193,6.471350193,6.118370056,6.864329815,,,7.127669811,,,
Sint Maarten (Dutch part),SXM,"Government expenditure on education, total (% of GDP)",SE.XPD.TOTL.GD.ZS,,,,,,,,,,,,,,,,,,,,,,,,,,,,,,,,,,,,,,,,,,,,,,,,,,,,,,,,,,
Seychelles,SYC,"Government expenditure on education, total (% of GDP)",SE.XPD.TOTL.GD.ZS,,,,,,,,,,,4.1884799,4.066390038,4.246940136,,4.283329964,4.345019817,4.745960236,,,,,,,,12.02892971,10.23305035,9.713600159,,8.291890144,8.229519844,,,,,9.021710396,7.703690052,7.779220104,,5.992070198,5.261000156,,,5.193329811,5.374929905,,,4.770120144,,,,,3.606440067,,,,,,
Syrian Arab Republic,SYR,"Government expenditure on education, total (% of GDP)",SE.XPD.TOTL.GD.ZS,,,,,,,,,,,,,3.58355999,3.689909935,,3.934509993,5.831459999,5.714419842,5.514259815,4.966169834,4.575530052,5.383930206,5.897620201,,6.133890152,6.070049763,5.62293005,4.561840057,3.615859985,4.03414011,,,,,,,3.69904995,,,,,4.360489845,5.04693985,6.480840206,5.371479988,,5.346000195,4.871970177,4.59525013,5.130139828,,,,,,,,
Turks and Caicos Islands,TCA,"Government expenditure on education, total (% of GDP)",SE.XPD.TOTL.GD.ZS,,,,,,,,,,,,,,,,,,,,,,,,,,,,,,,,,,,,,,,,,,,,,,,,,,,,,,,,3.265280008,,
Chad,TCD,"Government expenditure on education, total (% of GDP)",SE.XPD.TOTL.GD.ZS,,,,,,,,,,,,,,,,,,,,,,,,,,,,,,,,,,,,,,2.27335,1.64902997,3.227859974,2.646709919,2.42614007,,,1.592949986,1.694769979,,,,2.311739922,1.981940031,2.2579,2.206150055,2.850709915,,,,
East Asia & Pacific (IDA & IBRD countries),TEA,"Government expenditure on education, total (% of GDP)",SE.XPD.TOTL.GD.ZS,,,,,,,,,,,,,,,,,,,,,,,,,,,,,,,,,,,,2.442089975,2.896309972,3.733065009,,,4.260559916,2.668550014,2.997080088,,2.58137989,,,3.078419924,3.116995096,3.586385012,3.508440018,3.899234891,4.536690235,4.12210989,,,,
Europe & Central Asia (IDA & IBRD countries),TEC,"Government expenditure on education, total (% of GDP)",SE.XPD.TOTL.GD.ZS,,,,,,,,,,,,,,,,,,,,,,,,,,,,,,,,,,,,,3.512520075,,,3.75532496,3.27177,3.340600014,3.347514987,3.550245047,3.35316503,3.642040014,3.634870052,3.971120119,4.224370003,4.337504864,4.252170086,4.157949924,4.018030167,,,,,
Togo,TGO,"Government expenditure on education, total (% of GDP)",SE.XPD.TOTL.GD.ZS,,,,,,,,,,,2.113800049,,,,,,,,,6.679140091,,5.882080078,,,5.39357996,,,4.71762991,,,,,5.675139904,,,,4.412439823,,3.984240055,4.185719967,4.508419991,4.187789917,4.017320156,4.195330143,3.621520042,3.406899929,3.66373992,3.699320078,3.437819958,4.11575985,4.42320013,4.437069893,4.727640152,4.683259964,4.87635994,5.22303009,5.050109863,
Thailand,THA,"Government expenditure on education, total (% of GDP)",SE.XPD.TOTL.GD.ZS,,,,,,,,,,,,3.066220045,3.029150009,2.554250002,2.146869898,2.380880117,3.016720057,3.215120077,,2.845289946,2.5745399,2.883140087,3.273880005,3.463870049,3.437220097,,3.407979965,3.115819931,2.753420115,2.502429962,,3.08859992,3.045409918,,3.405230045,3.144979954,3.499609947,4.577199936,4.625699997,4.832670212,5.25345993,4.817860126,3.864919901,3.725610018,4.030889988,3.93859005,4.05038023,3.603140116,3.508500099,3.861939907,3.508440018,4.805560112,4.536690235,4.12210989,,,,
Tajikistan,TJK,"Government expenditure on education, total (% of GDP)",SE.XPD.TOTL.GD.ZS,,,,,,,,,,,,,,,,,,,,,,,,,,,,,,,,,,8.18558979,,2.065979958,2.042979956,,2.528709888,2.076590061,2.328629971,2.37658,2.77579999,2.422630072,2.772079945,3.512150049,3.403480053,3.41328001,3.459830046,4.098309994,4.006750107,3.935110092,4.018030167,,,5.232150078,,
Turkmenistan,TKM,"Government expenditure on education, total (% of GDP)",SE.XPD.TOTL.GD.ZS,,,,,,,,,,,,,,,,,,,,,,,,,,,,,,,,,,,,,,,,,,,,,,,,,,,,,3.049249887,,,,,
Latin America & the Caribbean (IDA & IBRD countries),TLA,"Government expenditure on education, total (% of GDP)",SE.XPD.TOTL.GD.ZS,,,,,,,,,,,,,,,,,,,,,,,,,,,,,,,,,,,3.431809902,3.558549881,3.248769999,,3.340150118,3.764919996,3.77583003,4.105879784,3.947190046,3.949249983,3.578660011,,3.781190038,3.627320051,4.377104998,5.340520144,4.666795015,4.726890087,5.064234972,5.004640102,5.293425083,,,
Timor-Leste,TLS,"Government expenditure on education, total (% of GDP)",SE.XPD.TOTL.GD.ZS,,,,,,,,,,,,,,,,,,,,,,,,,,,,,,,,,,,,,,,,,,,,,,,,,,,,,,,,,,
Middle East & North Africa (IDA & IBRD countries),TMN,"Government expenditure on education, total (% of GDP)",SE.XPD.TOTL.GD.ZS,,,,,,,,,,,,,,,,,,4.975344896,,,4.840194941,,5.553100109,,,,,,,4.312865019,,,,,,,4.185309887,,,,,,,,,,,,4.466135025,,,,,,,,,
Tonga,TON,"Government expenditure on education, total (% of GDP)",SE.XPD.TOTL.GD.ZS,,,,,,,,,,,,,,,,,,,,,,,,,10.34650993,,,,,,,,,,,,,,5.590889931,5.460919857,4.940770149,4.532559872,3.792320013,4.16012001,3.908040047,,,,,,,,,,,,,
South Asia (IDA & IBRD),TSA,"Government expenditure on education, total (% of GDP)",SE.XPD.TOTL.GD.ZS,,,,,,,,,,,,,,1.851250052,,2.008559942,,,,1.968410015,1.984879971,1.939345002,1.87182498,1.995769978,2.069849968,2.43543005,2.678129911,2.644330025,,,2.410929918,2.566760063,,,,,,3.022300005,3.051419973,2.752400041,2.550115108,,,3.11435008,2.560175061,3.231869936,2.906914949,2.635270119,2.746229887,2.59078002,3.42347002,2.82980001,2.349954963,2.98257494,3.121760011,2.946019888,2.500319958,
Sub-Saharan Africa (IDA & IBRD countries),TSS,"Government expenditure on education, total (% of GDP)",SE.XPD.TOTL.GD.ZS,,,,,,,,,,,,,,,,,,,,,,,,,,,,,,,,,,,,,,,,3.417449951,3.173475027,3.467669964,3.208319902,,3.621520042,3.631690025,3.740924954,,3.60758996,4.079705,3.836175084,3.925139904,4.101180077,4.498549938,,,,
Trinidad and Tobago,TTO,"Government expenditure on education, total (% of GDP)",SE.XPD.TOTL.GD.ZS,,,,,,,,,,,,,,,,,,,,,3.768079996,,5.457399845,5.766600132,5.87390995,5.767749786,,,,4.19987011,3.654129982,,,,3.431809902,3.558549881,3.248769999,3.325210094,2.438920021,2.756119967,2.755650043,3.065289974,3.543009996,3.136600018,,,,,,,,,,,,,,
Tunisia,TUN,"Government expenditure on education, total (% of GDP)",SE.XPD.TOTL.GD.ZS,,,,,,,,,,,,,,,,,,,,,5.235159874,4.889359951,5.286049843,5.457630157,5.517449856,5.539720058,5.879489899,,,,5.790860176,6.027470112,5.754889965,5.983769894,6.176469803,6.429759979,6.287809849,6.679029942,,6.270989895,6.201980114,6.20182991,5.790030003,6.816730022,6.720779896,6.451570034,6.43859005,6.465519905,6.272190094,6.528480053,6.254809856,,6.250370026,,,6.59856987,,
Turkey,TUR,"Government expenditure on education, total (% of GDP)",SE.XPD.TOTL.GD.ZS,,,,,,,,,,,,,,,,,,,4.347740173,2.915199995,,2.208300114,1.754909992,2.647599936,2.029230118,1.738109946,1.509570003,,,,,,,3.365469933,3.42482996,2.251110077,,,0,2.886640072,2.529079914,2.654340029,2.748939991,2.876630068,3.020200014,,2.750629902,,,,,,4.419000149,4.364099979,4.37116003,,,
Tuvalu,TUV,"Government expenditure on education, total (% of GDP)",SE.XPD.TOTL.GD.ZS,,,,,,,,,,,,,,,,,,,,,,,,,,,,,,,7.554180145,,,,,,,,,,,,,,,,,,,,,,,,,,,
Tanzania,TZA,"Government expenditure on education, total (% of GDP)",SE.XPD.TOTL.GD.ZS,,,,,,,,,,,,,,,,,,,,,,,,,,,,,,2.249269962,2.138070107,,,,,,2.53283,2.458590031,2.175909996,,,,,,4.650179863,4.610779762,3.271100044,4.041900158,4.252449989,4.04365015,4.622389793,,,,3.481430054,,,
Uganda,UGA,"Government expenditure on education, total (% of GDP)",SE.XPD.TOTL.GD.ZS,,,,,,,,,,,,3.161050081,,3.350229979,3.390919924,3.221029997,2.676589966,,,,,,2.515520096,1.689090014,2.428359985,3.431960106,,,5.103650093,,,,,,,,,,,,2.461669922,,,,4.952370167,,,,,,2.389009953,3.037669897,2.483139992,2.208760023,2.25067997,,,
Ukraine,UKR,"Government expenditure on education, total (% of GDP)",SE.XPD.TOTL.GD.ZS,,,,,,,,,,,4.572929859,,,,,,,,,,,,,,,,,,,,,,,,,,,5.456009865,4.448840141,3.618079901,4.166230202,4.680490017,5.433330059,5.60240984,5.308320045,6.058479786,6.208730221,6.151199818,6.42993021,7.310880184,,6.162370205,6.692329884,6.671659946,5.874939919,,,
Upper middle income,UMC,"Government expenditure on education, total (% of GDP)",SE.XPD.TOTL.GD.ZS,,,,,,,,,,,,,,,,,,,,,,,,,,,,,,,,,,,,,,,,4.212170124,3.853990078,3.708679914,3.750370026,4.011769772,3.912549973,4.025759935,3.893320084,3.85583508,4.030139923,4.516719818,4.18544507,4.476394892,4.385310173,4.12210989,,,,
Uruguay,URY,"Government expenditure on education, total (% of GDP)",SE.XPD.TOTL.GD.ZS,,,,,,,,,,,,,,,,,,,,1.987130046,2.159509897,,,,2.373389959,2.566790104,3.102829933,,,,,2.479079962,2.411530018,,2.271719933,2.521399975,2.869869947,,2.243370056,,2.422549963,2.800960064,2.32220006,2.068209887,2.499540091,2.714750051,2.880259991,,,,,4.355269909,,,,,,
United States,USA,"Government expenditure on education, total (% of GDP)",SE.XPD.TOTL.GD.ZS,,,,,,,,,,,,,,,,,,,,,,,,,,,,,,,,,,,,,,,,,,,,,,,,,,,5.42001009,5.223899841,5.194859982,4.943789959,4.989480019,,,
Uzbekistan,UZB,"Government expenditure on education, total (% of GDP)",SE.XPD.TOTL.GD.ZS,,,,,,,,,,,,,,,,,,,,,,,,,,,,,,,,,,,,,,,,,,,,,,,,,,,,,,,,,,
St. Vincent and the Grenadines,VCT,"Government expenditure on education, total (% of GDP)",SE.XPD.TOTL.GD.ZS,,,,,,,,,,,,,,,,,,,,,,,,,,,4.42911005,,,4.468689919,,4.873770237,,,,,,,4.033360004,5.752679825,7.913640022,,7.801990032,8.637829781,,6.350810051,,5.954770088,,5.689780235,5.085229874,,,,,,5.779709816,
"Venezuela, RB",VEN,"Government expenditure on education, total (% of GDP)",SE.XPD.TOTL.GD.ZS,,,,,,,,,,,3.745680094,3.711580038,4.246369839,,3.555049896,4.560989857,,4.503849983,,,3.881870031,4.565239906,4.43170023,5.212349892,4.347609997,,,4.16008997,3.741090059,,2.528409958,,4.454619884,3.945319891,5.173190117,,,,,,,,,,,,3.669059992,3.627320051,,6.874680042,,,,,,,,
British Virgin Islands,VGB,"Government expenditure on education, total (% of GDP)",SE.XPD.TOTL.GD.ZS,,,,,,,,,,,,,,,,,,,,,,,,,,,,,,,,,,,,,,,,,,,,,,,,3.672749996,,4.050739765,4.447750092,,,,,6.317279816,,
Virgin Islands (U.S.),VIR,"Government expenditure on education, total (% of GDP)",SE.XPD.TOTL.GD.ZS,,,,,,,,,,,,,,,,,,,,,,,,,,,,,,,,,,,,,,,,,,,,,,,,,,,,,,,,,,
Vietnam,VNM,"Government expenditure on education, total (% of GDP)",SE.XPD.TOTL.GD.ZS,,,,,,,,,,,,,,,,,,,,,,,,,,,,,,,,,,,,,,,,,,,,,,,,,4.886740208,4.816500187,5.137219906,4.813720226,5.533289909,5.65199995,,,,
Vanuatu,VUT,"Government expenditure on education, total (% of GDP)",SE.XPD.TOTL.GD.ZS,,,,,,,,,,,,,,,,,,,,,,,,,,,,,,,,,,,4.388020039,,,,7.640820026,6.162829876,7.003630161,8.95114994,8.131750107,8.441729546,,,,,5.783030033,5.012949944,,,,,4.910830021,5.549870014,,
World,WLD,"Government expenditure on education, total (% of GDP)",SE.XPD.TOTL.GD.ZS,,,,,,,,,,,,,,,,,,,,,,,,,,,,,,,,,,,,,,,,4.198945045,3.948920012,4.091929913,4.017320156,4.167935133,4.030889988,4.130030155,4.192345142,4.237165213,4.402870178,4.747429848,4.604470015,4.488120079,4.61108017,4.729000092,4.888440132,,,
Samoa,WSM,"Government expenditure on education, total (% of GDP)",SE.XPD.TOTL.GD.ZS,,,,,,,,,,,,,,,,,,,,,,,,,,,,,,,,,,,,,,,,4.016250134,3.582930088,3.826289892,3.841389894,,,,,,5.144209862,,,,,,,,4.081049919,
Kosovo,XKX,"Government expenditure on education, total (% of GDP)",SE.XPD.TOTL.GD.ZS,,,,,,,,,,,,,,,,,,,,,,,,,,,,,,,,,,,,,,,,,,,,,,,,,,,,,,,,,,
"Yemen, Rep.",YEM,"Government expenditure on education, total (% of GDP)",SE.XPD.TOTL.GD.ZS,,,,,,,,,,,,,,,,,,,,,,,,,,,,,,,,,,,,,,,,,9.661629677,9.244709969,,,,,,,5.15143013,,,,,,,,,
South Africa,ZAF,"Government expenditure on education, total (% of GDP)",SE.XPD.TOTL.GD.ZS,,,,,,,,,,,,,,,,,,,,,,,,,,,,5.164330006,5.290589809,4.85255003,5.125790119,5.737349987,,5.886020184,5.806089878,,5.575749874,,,5.875229836,5.443580151,5.159480095,5.066219807,4.864850044,5.068910122,5.063199997,5.072569847,4.974140167,4.866000175,5.248690128,5.721739769,5.962749958,6.371640205,6.013539791,6.04693985,,5.943029881,
Zambia,ZMB,"Government expenditure on education, total (% of GDP)",SE.XPD.TOTL.GD.ZS,,,,,,,,,,,4.38781023,6.095349789,5.945789814,5.488070011,4.878009796,6.238540173,6.026939869,5.692510128,4.740749836,4.154940128,4.126709938,4.000720024,5.154870033,5.388020039,4.9885602,4.145840168,3.338989973,2.662260056,,,,2.740570068,2.091599941,1.942080021,1.793519974,1.838529944,,,2.118230104,1.774950027,1.788190007,,,,2.463429928,1.735530019,,1.240759969,1.099720001,,,,,,,,,
Zimbabwe,ZWE,"Government expenditure on education, total (% of GDP)",SE.XPD.TOTL.GD.ZS,,,,,,,,,,,,,,,,,,,,2.317840099,2.544179916,3.351540089,,4.145480156,5.791500092,7.419260025,,11.64476013,12.33728981,12.28423023,12.45425987,,22.32221031,,44.33398056,,,,,,,,,,,,,,,,1.833289981,,7.294429779,7.408170223,7.53068018,,,
